Fecha,Titulo,Link,Fuente
2018-06-15 11:42:51,El Universal | El periódico de México líder en noticias y clasificados,https://news.google.com/rss/articles/CBMiRkFVX3lxTFB3a0tkaHFGV3d3bXQzQ29WS3E5SGVuZDBobHJyVWJYSFVXN2JsMVdyenRRNjhrVFZfaDcyOGhybnVkSGpGbVE?oc=5,eluniversal.com.mx
2025-12-25 20:55:53,Cuidado con la comida recalentada en Navidad: ¿cómo evitar intoxicaciones?,https://news.google.com/rss/articles/CBMitAFBVV95cUxOeEozdWJSZ3pXVXZXZm8wOUNLLVpiSTZza2xiT25Gd3RoSkVBRTNzSkItR2dnZFlkeUJ4WVZvQVpMamszMFRHS0diTDdFRWxyd3JoNWVFOVV0NExGTmdkTVdGeHdUeGdtTjlRNHM5c3FlTFdhU3l3bk81YnA3WXo1VUE5MFFBdlpwaWhfekVKcTJCR3VNTDRKRkZUOHk3ZFB1aTBqdkxpZG5mTkZHMTR5TC11b1Y?oc=5,eluniversal.com.mx
2025-12-30 22:19:40,"Investigan caso de crueldad animal en Hunucmá, Yucatán; hallan a perritos enjaulados",https://news.google.com/rss/articles/CBMivwFBVV95cUxPOHhWVzJUcG96Z1JaTzN0bllyT3VVSzhJdmlPTkNvbkJ1WVV5cXJxTllKNC1JNlYyOTRVZUd5UkdGQnBfeXBURHl4N243S2pOX2FHeXBMTGpJakYteWZaSlJ6bjgwNG1fZTg3QjFud1lOT0pYUlo5eFF0OXVlMFd3c3VWM0NnbVk4NnpTRVEtM2ZEWTg4NTNnUG44Q2ZLTXA3REpJNUNSYXAzTC1aS2JYTnFVaXFRTUhTN2VFSEJwRdIB0wFBVV95cUxOSTNPQVc2N2RqVm5mZmFKYVJFUzRLVUZhdERWWTZxRjBPc0xXNzF5V0Z6TmpLbl9yc3lzNWhGaHZvNUZWckhWZndlVmlhMk94T051VFM4RTNTWkdfZDNucjF0eVVEeG0tWmk1NmtyUkUzcERuMGJLMVl5czJuXzIyWlktX01zRmNSTjdKMmNQazZrT1c3TnNpdmFLOEhvVDZEUG9KNEwwMm5pMDVNeDlBd3otQWgydEtLX0h6azhVcWtJQUNxZ2ZzdVVyVDVuWWNVZnBj?oc=5,eluniversal.com.mx
2025-12-27 20:59:02,"¡Final feliz! Adoptan a perrito que ""robó"" peluche en tienda de Yucatán",https://news.google.com/rss/articles/CBMirwFBVV95cUxOakd2WWZIVjZUUmxjZzRTUGRXdlY3RU9reXU1VlRkR0JvX09JZk9PcmJwYmlRTkxQWHRmbFJDUEpRUDd3TnBnWWFSUHlqZVlBZkhHVC1Bc0VUUFhmMmtwVVhrX2pKZ19LNG45OUN5UTh3SDY2THRoRHZRaDAzbTJhaTUyNEEzREd1bktUQk5HelkyX3NkbzZTSWtQSF91S010LUE5MHI2WHpTM1U3eXRZ?oc=5,eluniversal.com.mx
2025-12-27 23:42:22,"Bomberos rescatan a ""Barril"" perrito que cayó en pozo de Tizimín, Yucatán; está ileso",https://news.google.com/rss/articles/CBMivgFBVV95cUxPRGRvZkYzQmxNYlVRRXBCcHF3Mnk2QzF5LUNCOXh1bmFHemFEUkh6dUNPV01NdkV1WUN3TFJnUExGeThtajgyVFJoY0x3NVZRTnoyTEtnOGNhLU9BYWFaWXlMdHFOLWd4V0dUQy1zYlBxbGpIYkQzdUcwQUVLYUxvQWtfU1QzTnFJTWxWWWVNYUhZT2RUYmZNOTlwOEFJblBvNnVvMnZRd1NyRXlNdTE3MW5CNXVYTEd3RVVMTnlR0gHSAUFVX3lxTE1qSU1xLUJOUDFYajRWS015d3ZaaXRNa2ZRNGFIcDYxbHdBOFUzTWdiQVZER3NwSnRQenpWc0hLTTlWWlhURXlZbkxEcWFESTEycGo0dU9jNUZNR0VQbHRJMHhpUGtQaGRGMzV1S2lGNnlPY1J5bmVpQjNvV1BwUnpJaFhuSU1ERV9tazJCUGRFU0hod1hQQ2dXTVRZbW5VaGdCeUVpa3A2ZlZQWlVScHJVRHJUTnNPaF9oNEd0MWppM2plNmJQb3A1OElzQ3VwM00tUQ?oc=5,eluniversal.com.mx
2025-12-28 21:02:00,Intensifican búsqueda de adulta mayor desaparecida en Yucatán; participaron 51 cuadrillas de rastreo,https://news.google.com/rss/articles/CBMi1gFBVV95cUxNYlQwUzA4MUZfT1dibWxURDd5U0FvWmJvMWtoUUJRZ0lJR21jWWZZLUk0ZXJGUzgwM2o0ZEJrVkxnV2tBaGhRVHRnOVFaTjRON1hfLTR2alZtTTFYc0NSOUtHbFpjOXRVZHMzaTlFdmEtS1RMZWV0X2Y5RTNweWtualFoMnhMbm95cnZjbHRWWXJoZkkzMHFpUGNBS01BcWtLOUxueVV1eHRSYkpFdHQyX0ZXNnpIdjhaaWhyVDlVdHAyWk9aLUtVOGFIZ25LTHhmOG9ka2RR0gHqAUFVX3lxTFBDQzU2SW5QSEJ1cTZHUU5OZmRPbXV0UHBWc3V5RnlqNV9yUE1sbTVNOG5kX1BLVHByY01feFhGVEM4cWZQOUppZkVoQUdKV3BCVThRVHJ3dFZFTlRiYkJTYkp4OG9TaW10R1B3ZHFmVXdrNjY1ZFNlbjJPRTgzX3YyQ3RBQ1ZLNVlEQjVvUVdzcl9uUHp2eXZlR0RKc2t0MVM5X2RtTHZWRy01UXlfVGhOdlRxLWxvT0UzTnMyZFRnMnRZMWpvYl9vbzFQdlBxLWk5eXJ3S0JiVTJzRFNhY3pRanFaWnFaeFpTUQ?oc=5,eluniversal.com.mx
2025-12-27 23:08:40,"Empresas de Yucatán se ""mantuvieron a flote"" en 2025, afirma Coparmex Mérida; prevén retos fiscales para 2026",https://news.google.com/rss/articles/CBMi3gFBVV95cUxQdUxUNEVaN0dvcExCYm5JZGtsT0FiTnVVb2F2MXVUU2ZuZjBBcGFmVTR2Q0ZMRldWWVVueURueW9MUjJNamxWbmZqenJLZUxUcUxYLUZvVDhDOUxvRnoteXpvS1FLT2dmUVYwbTV6SzBhMUhSWkl0bDRRZ1MyUGR4clVHaGk1S0Q5ZE5IZF9COFUyam56d1oxVUQzRkdIUElNbFIwOHItbmd6LUM3eHQtazRaRTd3RWZORzh4MjVzUHMxb29MZjBZTmUtajdGRVFrdWVtUzZ4NUR6TVJxTFHSAfIBQVVfeXFMUEJhOXZuVTUyNkQ4SU5ES2g0cVRoaGdsSDdCaG1JWlJXODliZDBaUVBzYUFxbzBKZWxDeDNjMk9RdF9kRV9rQlctRGNyZUlRNFVlNlJQOXpsOEtiaHRQLTZlM0p3OURfYXFNNDVNc0dCUmpLcTVjN1ZiVHVrQ3lPdmpMbTVIN29lckJ5NndzTTloNXM4NmYyb2ZaUGRKZ0J3cnFFWjRpMUY0UUhONHgyNUJFcm1xM3d1ZlR2NVlIaTdKQ0tKN0c0ZXBrZl9DYnAxU2pkeXRDcGZObUtjNnJTMGpxYmRiT1BoSFpxbUpjcG5WSHc?oc=5,eluniversal.com.mx
2025-12-25 21:39:09,Perrito intenta “robar” peluche en plaza comercial de Yucatán y reacción de empleados causa ternura en TikTok,https://news.google.com/rss/articles/CBMi5AFBVV95cUxQNVZaVjUtcEo1MmNiTEtvMUgzSHp6eU5wY2FzYUJPVXI3dHQyVnFILU9FOVVJMHBTOTI5SjlFQnRVc1ROWWJXX0ZrRzg5MDh0cDdKUm1IWXVtb0VUUTF6Y1Z0ZzNMWk1HRkZtMVVqNllqRXJVdmF5eVZNMllTRWxLMWRmQ0NPSW9qM0hYUGllRlRONVFRWWx2Rk5KRUNqcW1OZFpMVk0xMkxOMkc0VEFBaUE4Y01ISDN1N1FkbHJWQjNvSE9NZHBkQzJUNWFIajVXVllxVHpEdVdELWxBaFc2VEk4Y1Y?oc=5,eluniversal.com.mx
2025-12-29 21:28:11,"Desmantelan tienda de sustancias ilícitas en Maxcanú, Yucatán",https://news.google.com/rss/articles/CBMixwFBVV95cUxOT1U5VElKUjYxeFVfUUJTX3VmMzNiR3U2bXBsbHNEbHVyQ0dzYS1mMzN6M0pjSGtleGZMcWttN3YzcEdaNDczOVR6UGxSa2xiNWxlQ2tLcW1uUmtpVmdiQ1R0b0Y2NjVVTllzRzFnd1hTY1lnTVRIdjdWd00xeFhzWFlpenYwZFYzWnVKZlNQODZhZTVVbG5uVzh4T0pDOXgzRHlweEtDVUZBY1d5eUwwdG9SdmwtbkNoTHV0d0NQTDBIQTRHZGJV0gHbAUFVX3lxTE5NUTRiT0lBZnQwVk93ZFJHTGo4WlJveEc5Uk11WFUwM1ZZNHRsa05lVW9LakpENGVIN1Ftc0FxbWRPaHFOTm03NkY1dUJCNlllUm5BWXB4ZlBpdmFBT3h4MDhOQzRLMTJsRXNHRGJUV3lKdnNQT3ZFY0ZMMGpvazBKZGdtM2g4WUVtb2U4TmtjeGYtdUstOWNHa1FkNHd3dXlkZTVhbTNFaHJhdTcwc0lhak5fM3V2NG94VC1PeE5kZk9oVEg3cVNiZjAxNXhwVnJqbWJlLWhlX0lmSQ?oc=5,eluniversal.com.mx
2025-12-30 23:18:36,Repunta VIH en Yucatán; se confirman casi 300 nuevos casos durante 2025,https://news.google.com/rss/articles/CBMirwFBVV95cUxOYWp3UzV2QXlkZ2JxMERteTBFdUltZDZVY24yODdyeGN0aW1zQ0ZoRUpZQWh2TFZWOHlwSE1RUFp6X3dBSC05ci1OZTU1bDlhTHd2MHZZMFJ6RGdwb0g4QmZPRmkyeWUxOGZvR3o1dzlBTUdtQThQY1Z0ZTVmT2FPbG82UzJWTE9mWGpVLUkwME9qY0ZZRDhLelpUaGJJOS1BVll4OXZZcTdTM29KS0d30gHDAUFVX3lxTFBmRW5oZlJGTVRvNllMXzhjNERIOXN3aE1WZk45dldjSl9EcWFoRzd0dUd0U0wtVnY4Z1FDQlhuRHNmNldoQVMtV2Y2WTIzdU1HS21pTU0teHN3N0VJYVhPbWY1ZXdHZWJINk1iQlFCYXlHZjRMR0tlYmgxNVNNa3gxVzFzbnVTcEh1WXViSi1OaFhrVGF0WHAtM0FmREgteUxRanFsS2dnaG1OVFNaREFnQkRMcGh6ZTVWNHZ4YnJOLVlOdw?oc=5,eluniversal.com.mx
2025-12-31 00:19:45,Profepa clausura dos obras en Yucatán y Sinaloa por incumplir con autorizaciones ambientales,https://news.google.com/rss/articles/CBMizgFBVV95cUxOU2czQ05EbUNteVdmVm93Q3RpRFBSeHh3ak4yakEyR0c1bWFIN1E0TkhJa3hJYnBlSDBFeFI0OTdsTmJWQ056bUxxUHUwU0c4ZjRkUzRoeGV1Q25oRGZyZDN5NFh5TnY1eExJOThkZ21fVVV0Wnp5Mkd2MGw0eEc3OEhocXZ4cHNxbU95WXJsc1N2MmRTVDJTVG1wUXVSdVlQVmN3a2ZrYVEzbTd5MWQ1SGdxUmJRWm9yZXR1Xy1wcWI0NnpYOERpRlVGbzFvQdIB4gFBVV95cUxOY3I1VW5WVkJ4RE16enJncWM5RTFtMFp0Z3c1RFZLWHliMllDQ2hZcVlfR3ExT29pWG1SUENfTkR5YzQ5S3Z5M2cwbUNSdnZyRWRkZ0llMWVaUmM3TnJqUFlCN1JlUld3b0Z6RHJ3OWJ6RDVKNmlXWDlOaXM2X09HUWlmcHFkZFhib2didU5ZbTJXYTFHYW0wU0RRWkVzdlJ1bE5FQTNZVjR1QU5jWXZCYlp5Sk1tS01WTFB2c2lJbDdqU3FXT3VwMFV5SHZZc1F0WWN2QUNKdzVoLW1ENnJmRkF3?oc=5,eluniversal.com.mx
2025-12-26 00:59:07,Confirman octavo caso de gusano barrenador en humano en Yucatán; es el primero registrado en Mérida,https://news.google.com/rss/articles/CBMi1AFBVV95cUxQclJZTlZjbEtTZmtkenhlWjQwZkpGMVd2a1VpcnRBbTQ4VTQ4NzFSLTF2OFpMSExWeXYtVDJwdE9vdV9hRXhvRmhSMEppN2JVLWxHNzgzMGdyeHE3SjI2RUFMU3IyVHdkd2J4dml6ZmtPTEEwaFRBcER4VTlVRFpPYlB2NEoyZHhlaVFhcWdnYzk5SnU1eXoySVZpWmJ4MUlCX1k4Q25YeVN5OFNaU0xJWGJHOVpFRkpISG56eHk5U1dZQm82RjNXc05Wc2U3LUx4MDlKRdIB6AFBVV95cUxNZHVPTlZtWkE0N0ZpeDYwMWJPY0VNdFd2WXpnV3MwWXExSGxBSzA4LWtsMUg5ZkVZbVVac2RHYVhSc3lBblh3VFB4WnkzVXg2c01OSF9jT2ItSDhaWnpOaDVaOUl3MEZ2MjF3U0NFbElIVERjSTBUaFdmbVR0QWlJRG81T2ZWdEN5MXNSTGNBamltWHBLYW1aY0J4YTBscGNPY3JvUHJBOHN4WjFKM1VISVE4QnBUcFhYQkhoSHZ0c05mNzFKMU9iMko3MFV2LUVGS3hVaXJBT0EzQy04aFdUNFBRZ3JrdW5F?oc=5,eluniversal.com.mx
2025-12-26 22:05:56,Registro Civil de Mérida emite primera acta de nacimiento con identidad no binaria; sientan precedente jurídico en Yucatán,https://news.google.com/rss/articles/CBMi8wFBVV95cUxPUVdfc2VteVRYZ2RLLURubERfWnMwaS1hcjc0dERIeFRvWWpPRXd0bDVoNlRQNWxjYmZmY3FweGt4OG9hX1RFdWh2NVlkVWM5RElvd2dTZG9xeE4ySVFMcjUzOHB6Xzdwek9FUVIxYW5VYWpmN2FXR09xb2hfRVpFUEl5QWRiNTU3S3VmN2E3UjNsRVNSeGppZy1Ha2pfZkZFeTVrekZYQzJpOVRFZXZ6RkZKblhDMXExS1o3dm5LV1B3SWZCbWFtYl9aY2RFYUtOdEJWeF9jYUNYMVplSUJHUGhNY1E2bGNYYWlhVDhYMzIwYnPSAYcCQVVfeXFMT3RzSm5FQzFGUHA2Tmx2WkZpa2pDYU1jcDF5UVNfNnQyU3NWaUZmYnNSY1JoSWlzcnR1cjl2aE1hRmVuWkxVRFZsSXZKZVpWNXhtS0ZBUXc1VXpZSk5BNWI4TTB4NkJZMEZGbnZpdkVQOElSeU1LS0puVS1DNUVma3ItN3doQWItTHlQR1NLbG5uYktGanU3QzJUWlNDdjdnSnotYXRoMnFMS19FX2psNHV2dzZnQjNsRUp3X1VodkNFMUFIeEZVSmQtc2lvTFZQTkVnbDI4V0xpOGYtbzB2OTktU0xtRFNYLUtEUzlNN0tNV1FNWFk0SHdZM3hEQ3lRMFFJdEY2Rms?oc=5,eluniversal.com.mx
2025-12-30 19:34:37,En Mérida decidimos juntas y caminamos unidas: Cecilia Patrón; se han se desarrollaron más de 34 acciones afirmativas,https://news.google.com/rss/articles/CBMi6wFBVV95cUxOTGJrS0JRSWJXWmo1QWxKMHdUNEdmQ09FZXlMVFEwdWY2aUpxXzRPR2dLWWtVdE1Ld0NrRkZGUDR6TkhHR3dReDFqX0dBWkdFWkpfa0YzZ0xsVkVKTk9WTk9xclJCemxBdFQ0N1ZSR003VF82WUVPUm1kb3lTYzBzbEo3V2ZrR2RSTktjLUJsQ3ByQzdta2d6SzRkSlJkelZpY3dNZ2xsWndjbHQwcG9lUWRJQS1IcTlGbEZKaVJiQWNEU01iTFk0T2sxOGVhSjlsZlJ3TkpTVXNuMWh6ZkV1ODVxWTF2OEZfRmxV0gH_AUFVX3lxTE9XdTRJelI4MWVTeWt0WUxZcm01dTBmc0FiR2VrODJZRXl0U2NkcHZzY1dzaEh0YkVxUDJ1ZVZFYWJrMFlyWmpRZVlQU1R4dkJfcTR5VGkwSjdGb0FpTk9mRkNDbmRQSU9wbFlTUlUtZ0JLVVloOGJDM0tQUGhGSEh4UlIwSTdjX2kxOXhJNmsyNU1yUUpMRkFLLV9SR0xVSWUzT2ZyVDQ0bnhieFh5TWtYS1ZTLXltV3VKU2tRdVBJZHI2YUlhUG94d19NWkFwVkl4a2J2TTdpVmJTaW4tdm9OVDhuT2dGY3FzNXRRUW9mZ0N2cjQtOFFQNk1HbzJCaw?oc=5,eluniversal.com.mx
2025-12-29 06:01:00,Descarrilamientos y choques; estos son los incidentes en el Tren Maya y el Tren Interoceánico entre 2024 y 2025,https://news.google.com/rss/articles/CBMi5AFBVV95cUxOUnFCR3FFSVhhQzJxQlp5bmFVdlAwUDloWi1xV0NVcHRNQV9ISjFXSDRFdGNXNDI4d1VVSDFUYTBtdFhrVUs1ZUxkTEM2cTFUVXpsalhvcEVDQnV4bFVRQU9uMmVWMXFoZE1WdFRZeVNVZVllcGdNRmJRRlJtRFUtOVFvNG5uNmJfWW9SZ21IcjF2Z252aG5hRTIyd1dhdjQwVF83ZXBhRFNHdFh2LTRnWExZbERKbHI1bC1WWHFFUnAyS3lwUXEybjluX0FVM1dIVnRUMTFxQi1rSzY1MFpDUXJDaUPSAfgBQVVfeXFMUHpOdEpsaG1lOC1RS3dTaXRmREhSeFVydmhtOXNTNVp3bmljZWp2UWpQdHVEdDJ3T1lILTRwNEJISFBDUDU1RWxTNlQzTzU1dTNLYmNpbWMtcnJITXMwTm5td3VYMXlYMFV2SVlBZHdlRlpYZTFuTmlnVkR4cFlLb05rUXRkVUF6UW5hRjd6YTRZWU1zWWpaZHVRbTlsV2pCZ0ZfUHgxcEd3OEhwRjFJcEJwUVZ3bGdqbHBlV3QwVzZVdk5ZWF9qUjg0dHNIenVRX1l6TXdPSHRCQVdidVFleGZrUzd6Q1RQdzZ0RnpVVWowRjNkcDA3SWU?oc=5,eluniversal.com.mx
2025-12-27 00:41:40,Elementos de SSC CDMX realizan cateo en bodegas ubicadas en Calzada México-Tacuba; no hay personas detenidas,https://news.google.com/rss/articles/CBMi4wFBVV95cUxQaGZjaDE0Ykp0LTZ6ZEJVY2tWcmozQ21kY3ViMkZldTJjaHlQVEw1SkZheHNsTWdGdEJNUDQ2cjF5OUV0SjNVZldNZDVBeDk3bEhPRnpsUXVUbVFjQXdOU2ZwRnRkcG4zWWNCeTFrVXEzUzJ6Uk1mMXI5Slp5NGtYRERyb3pnZTlwOVlCZUFYc1BZVUwtTUxuaEgtM2U3Y01UWlUwTnFLSkpmTmpaXzhzTjlNZlNaOXo3ZldzT05nYlR0cUdYMWhwZlA0RTZySXBzYi0xR1ZFSXdRN3pzamhGTEJFb9IB9wFBVV95cUxOUTllSmY2YTZZNEJ4b1dIN3hkaXhLT0Q2cEJua1diNGVRbnQzZ1EzYWhFT3JKai1Dal9hZ1d1THlFRnpOWU9nQ054anVXQ3FBNkZEcGVnam9qdzVaT3p4RnFvcHh5NHVPN0FBZWNpTUp6Y1dUMGpjbElobW1VbjlfeG1fUWJIekpOOTNfMmVBSVN6UzhBOXpFTWdCelRmRzVDeHBfNTJGajl6WHpiX1VaM2hwSzhjU3F0SUZTc1hOVzZoa2VncnV3djlCdE9icEtmY2VaOTRtc1JhVjlfZHVydkYtSnhIZ0dNZjJBMGZVWjRYQlJZdHFZ?oc=5,eluniversal.com.mx
2025-12-26 11:20:00,Flamencos rosados visitan el lago de Texcoco,https://news.google.com/rss/articles/CBMiiwFBVV95cUxPXzZ3cWpnaGc4WEhJWTFLUm9jTWw0aWRWb1JMVDh0SlFKT3BrRnY0MGg1a2c3YTdtS2dLTGxnd2lRSlowZ2FiSWdYcDBuSW8yNkx2dThIZWFCT2Rmd2laUWxNTnZKdVJCUG9TNFZHWVNUUTNWamFWYXFWM1VrZEVNQWpaNG5Ec29IS2Fj0gGfAUFVX3lxTE1wbVVvWDBZY2hDSWtqUDVIckllRTZqYkZlN0REQlVlSk85VG43M19oWUF1RmZJRjhqejViNFVRTm8wRi11X2JRUExqQUxUUWM0N2pBY1J4WjFOYzcwNUFrMDlkVGVidVgtZF9fQV90TXNCYkNSRUl6d0kycGkyMXZ2UzNRZG5scXh6djk0WTcxYVN2cXRuSWZpbFJjSFNDcw?oc=5,eluniversal.com.mx
2025-12-30 06:01:00,Autorizarán marca de “Carlos Manzo” a su viuda,https://news.google.com/rss/articles/CBMingFBVV95cUxQYnNuNF9UdWMwOXk1YUJid3diT2RXUkJwaWRDbGRLQl9IUlNWeUV2UVJoZVZTQjJRQkpNM3MzUS1COVJ6ZW1nd1JqaldHWmRXTTBZNnc5ZXpzb2NsMmlSMTU5Y2F3TW5rUlJ3T2xENWM5U2dkY3lTOElqSjc3b3FFbldkRTFERlF0SWt6d1pnajRKZmpjeDhfVWpHUmNZdw?oc=5,eluniversal.com.mx
2025-12-26 00:09:54,Asaltan a taxista de plataforma en Mérida; el conductor de 70 años fue herido con arma blanca,https://news.google.com/rss/articles/CBMizAFBVV95cUxQaUpCamNSLXMyR25DWXk3X0Z5U2MzS1c1VUpaMVBNZ243UUxHVlNSY20weW9ELTN3emMwd3g2UDhzR3dNWnBCRU1nZE1WZmFfY1pxNXM1SFl1dzhvRmZscElvSTdkQXRyS0NSdFBvVUlCYzBwVElSYlNRMFBvMUM0TzUzUHZaa21MMnRwS3hUNDNYeFBHTDI1QkNmN0NTWU9ybFZMOHgyQm05Xy1rMG16bGkybkxkbkNzdEh2NnlVU0RnUHIydG10Y2MtQ1XSAeABQVVfeXFMTmw1aWFOcWE2T3IxZ21jLTlheFZzY3hyQ0RqMUdZQVFrTGxTNkl6ellaOEJ5MjM2ekl0dXozT2U1elZuZHJuZ1FNZHF1NlM0OXlhcXQ4OHBnQmRFb3luRkxFdlpBdnNYd3lMZUJVNThxR3lPX1BxYXhfNFl2UFVRMGp3R0lORWo0ZG5jMnU4X0xzLVBnZHUwdlRRTVBvOW9CdVkzZ1JFN2JFcVUtOHUwZmd3QkVLTWg5NllHOVZnX01PcTl2T3dYbjV3VlJzZE92eGltS3p2dXVQY19XRjFJWWM?oc=5,eluniversal.com.mx
2025-12-27 19:30:00,Marx Arriaga acusa intento de privatizar la educación dentro de la SEP; llama a “rebelarse” y crear nueva organización educativa,https://news.google.com/rss/articles/CBMi9wFBVV95cUxPM0c1aklfWkdUMDlOeWM0aWM0UmlMWVBZV2w3MENiXzJwNG9mY2RVUjMyUWJ6VzNsN21vTU02NU5GbXZja3duNkd6RThBTWQyZlhNY19zV3ctVzdjNEZobk1HV3ZuQXpFS08yVjRxbWRsSmJzanpWckVaMC1kSVJHSFZxbmdYWkdPazJxU2p1bkIwQUZodld2cFJrOUI5NmhHczgtVGNOVHFsZXA1RnVVdmFoVlNmOXpsZHNHdXNYaHhMNTBGOEtBTWtyQk9iR0JZeEVlaFQ4eUs1MEVtcmI3SGU3a1JJc1FNS1dyRGI5Ymh3RXg1N2g00gGLAkFVX3lxTFBNTENCcENQY2pqTWs1aGdIMVlfM1QwWHRad1FnOXpWalFoNVhfUEdjckpVVU9XZGxkeU1yenhFdzVpRDRxVzctallvSS03Q1RGWUE1ZFpNeXhBc2kyeW5RdFNXNGh4VGFTS3h6dFdnQzRUTFFzbEdLekdOX1NlUDJ2UERaUE9xWDFTUkpvVlhwVGdDSDRVQktEMmJDMElUVDBDSFBDMW1tcmNHNDRUX0NCd2RKZTlrT25tZFhrdnZER1BlNVJrZkdtR3lmOTRDVllEMHNnMFRtZjRNblUyNTFVY1Zhd0x3SDVzdE5kdGxpQjU0RE9vSUxEcmNjcjhYam9rclU2aGRpNy0xWQ?oc=5,eluniversal.com.mx
2025-12-30 22:49:49,Rubén Rocha Moya entrega dinero a trabajadores de Universidad Autónoma de Sinaloa; cubre aguinaldos y salarios,https://news.google.com/rss/articles/CBMi4wFBVV95cUxQM2JaYUpDR3pTSW1wdC1TWE04M0xVX0xGNTRNR3I1ZUkxRkQ2NHBNTUs2ZUN2RnBOdmJiOF9GVm45aDA1bDZ5N2RCWDlOdG92VHU0Y3FDWlVXUEpXS295R19XZlFFdlRkZTM1Qk9vTV9naVZNblpPcFdGLU5xejZWeUNUVHlOTFdOZVV5US1SM0xXXzVIODQydm5Sa2I1eDFfTlo2WDBVYTY1c1l4ZVRHV195U3hkQVo5YmRSWmpVWVowRzJKMEN5a0g4WXp6VlJBdFhEYl9DTW1YRnFLclVzM0hpVdIB9wFBVV95cUxPWjl6ZUh3QjJYcDR3QTl3TWpJWE5ubEh4XzdQNk56U1I4d2FpNlpqWHFtZHB4WnExV0VZTUxLTUhiU1BERDFDdGZBZWJMUWR0TUxPVG5ES0M4dUZPUXFTdDdwMUVYMmNLLXQzdkJLdUJDNi1uQ0lVYmcxX3VCY2JRN01oN045TUZXMnNuYW1mU0FRMjQ4RHJNd0VlTTBrcTRLOTJmVGp3YjQ1VFdfclBhNlVneF9ZU0Nza2g1aVlkZEhvTU03WmZLZnltTVloZmE4NmFvLVR3UjBHZm8wbDhkbHhpWC1CUVkzSDFFeVViU0dTaUlQN2ZF?oc=5,eluniversal.com.mx
2025-12-26 16:29:05,Frente frío 24 provocará temperaturas bajas en México; habrá hasta menos 10 grados en zonas serranas del país,https://news.google.com/rss/articles/CBMi4AFBVV95cUxOTG44NlVaRlEtQ2xrRHhDM0RSUDNubWt4VHNnRXhIejNaWWdvZVZWYUlWcEhhSGY5Ym1fRllGX09lcUVzWjhhbFBfWHZHTWRqaFNDRHlvbkhRWlVZVHNENzg0RG5lYlpoaHFfNkFCU3l3c2phMVRiSVFYTk1iV2cza2VsQmxDZHVnaS1NUDRmWU9HLXM1SjhIMUZUam1hUFlDN1JSbm43LTV0eEM1NHFLVXBVRWZVbEI4aVo1dDcxWkVPei1tb29jQmJkWDhFdUV6UFNHOHBibXFTRDhsQVh3ddIB9AFBVV95cUxPZlkzbll6RGhHM2N3Z090bU1PWDVucng5SjFld0YxdG5FT2l3eXZoLUIyNlI4UGVSVUdRSXdTdmlMVldXVjJkRjFEQ0xaLTFndFhXUFp6aXVGRTJwU3UzWXgtSkZRODc1YWRJSExadEJGekxLQ0NmeTVfWHc3NllqVm4yOHkxZUNmQWwyRUJ6YmFvc0IwVDVQV3dxWC04TFNNR2JyQ2FGeEVKOTYwZGNEbWZfdkpnZVJUYVVQYThudjEzTldrRnZvajBSZmx1SzlsaU5aOWRDZVZOOEtzcWdZVk1vd3B0ZkdsUjU1MjlOWi01MHl1?oc=5,eluniversal.com.mx
2025-12-26 22:30:00,"Catean predio en La Paz, BCS, por extracción ilegal de arena y piedra; aseguran armas, maquinaria y detienen a dos personas",https://news.google.com/rss/articles/CBMi8AFBVV95cUxQdldnbGE5V1I2Sno5Z0lLcnplc1E4cXl0cFMzVTJpOFljV2Q5MGs1Slp3Vy1RVF9RVXZNYnBwR0xZR0NaR1hpQnZzM1J4N1JfQTI0a3dSUzRQT3hSMlBUQThiMUVNUE9nVjJlZWlhVnE3MkkzTTdkSGx1VHRoZkZHWGoxX0dyQnNCQkNCOWcyY2JuX0ttaFAwVlhtVk5KdEt1dE13aWVxakNnRmYxeXJ0OUZBX2d3NWFoS0o2Yk1OcVl1WFBJUFlqNEhfaEVKWmM0dFNOSXZSWUtkNW5ON2VDWjY4X1hJN2F2cTZwLTVHOFjSAYQCQVVfeXFMT0M0Ty1Na3VGN2IweFRobWd6cDVwS3JvV2V4YTBVMEszRTZ0THRndENtVHVwVmNlOEVrRjFvYVlIWl9hLXBYNWdGRFpmZU5nZW9RajRvMml1RWtUZERTMkhnOTBNUFlsTTd1RTRIdzQzZS1nSXVKeVdDaDdMQTVwVVFxZTdad00ydTJrNjJzTEF6a3JSTnB0dGtjSFlNMDFCSmp0dFR0dGs0eG1uSE9WMHdDTHBFN2RFcDhCdFAzQjdjN0dfeDN3cG16MXdUdllsQXBZa1R4Rnlkd0FfZEhEaHNnVDNLWDFIUGNrM0ZydU5mdWhEX1NXTGRNdmh6U0pZMzlGYWE?oc=5,eluniversal.com.mx
2025-12-24 22:34:41,Intento de linchamiento en Mérida; inconformes acusan supuesto fraude por canastas navideñas,https://news.google.com/rss/articles/CBMiywFBVV95cUxQQzR2MmhBaHhvMjhROEhxcDAzN0R3TU9faXZDTmlvblZWZlI2cWI4NVlFZ3VfcnhzZmNKaFVnaXBURXVoaXhlVV9aRmRiMExvd2pfNkt3djhYRkFTTHNNUW9EYU56RWFEa0hEX0hGbUFnbnRZT2FmZEJLR1IxR2owSEtnM01uOGxwUlQ5b3BaajdGNFA2bWxycmVReWFXM000UzJhRXBpNmNoempXYUlJZzUyZmQzWmdNT1E3X29GOUNuU0NBek8wdFVoNNIB3wFBVV95cUxNMVp1Sy1PRXJpR2RDOW1YaVg3WVBreFQ3NjZheDF5R1JMTzlDckVCV3VONEFlaGlZS1hOMGYzSE9WMC1IZUV6bllybHJoS3EtVTg5UmRSc2lMbEhlTU5VODlQT0tsY0pnbERvWVQ1R1NBOVoyaGtWanBRczRGOV91MHVlZnkzU2J3bzFwdmRYSXVfNkVmeWRWbDgtTkxFQ2piREF5akhYOWRHWDZwby11ZmRIVzB0ZDZoemNRMTZOa3NMNUZEUEkzTGVISU5WenJHNTFCZTJKRDRQcmowU3Zn?oc=5,eluniversal.com.mx
2025-12-30 21:17:00,Canadá suspende programa para refugiados; limita la entrada al país y endurece su política migratoria,https://news.google.com/rss/articles/CBMi1AFBVV95cUxOLS1CcHI4cnNYb19IZHJNQ0ppcFJGSG8yRDBqNWpROGtKTFFqRVlmZEVVOVFRUGNPclYwbVVJb0dJWEQtS0JXb19mZThDYVktQXBxVVRRVEF4b3huaXhFSkUwS1U0dXoxUGdOakF6WHc3aGxrVDgxWjdHY1dDWFNpSkpFVjhCN2ZtSGhWY2dBWUMtV0xqNk4xYVBFd3ZFUm5qUWlacVloUzUxQkdKTjJSb0w4cXNxOFo3R2d3aS1Fak02Vk9UelN6N0E1RTItZkU1RXVlRtIB6AFBVV95cUxNVi1jQXFULVZqV1owNmFXRzVxbWhwUTdaNmpIZjkwRHdDNVM2ODRVV3dzc1VVWFUwNmt0UDRrRW9HcHRvVUFmcDdURGZwelVVYnZrREsxeGRPYzB5MkN1dnZ1NzJ6NUF2cWx3TldFRW1pWDBVMHkyV1dMOGJlc3lfQW9LR2J6emFRN1FzVVYzWXhpYTlNMWVQNXhUMHdDdXBtTVJCZXdFa3gwVjllWmFkTWxOdzZuMElpcDlsejllX2FPeGtsM18zSXNxaGhXOHN5SWQ2NWhfVjZnYXZtZUl3WDU5b29tNlRP?oc=5,eluniversal.com.mx
2025-12-27 03:01:07,Recuento 2025: Secretaría de Gobierno de CDMX realizó más de mil clausuras de chelerías; desarticuló 113 fiestas clandestinas,https://news.google.com/rss/articles/CBMi-AFBVV95cUxPeXczeTZnTVNZaGV4bTRYVTFJekx5bjVWME41dlMyMER6Vlh1UUdBdy1iUVUtWTFGNHdPTnhORnl2b2NRYm5GVWNZZEtaVFI4RmQzbmRueEVQdnFaNVhoTWFxYjh5MlZhVHd3bVFqSWl4ZEZLWjA4NWVQUlBwc00tVjdkT0R6VkdpellxZjBUNTZVbXNkOVVaWWRLU3VhMjZtTDJaMGRIbTdxUlI1SDRGbkkwQWYyMnFLRi1teDU4c2RsdnB6THNNa1VsZW9GeW5UeEtCU2tjOXF5ZzZaTnNOY0tGcG15aDRVdjZBbV9keWxqMzBPZjZIZdIBjAJBVV95cUxQVTZkSHoxdjFLTmo5RFZYQTNvMzNYU0NCNTdLeGRoM2lLd19DQS1XSGlya3JJbGc3dTVETllOZjZkZHdTcl9vWjdSN1RYcnRPcXBkMWdRT05rNU1ZRzdpS0IzY29OeGZjWDJFVFNfSGRuOUpmTG5WdVA2c0xtN0pHYi1fakJYTkQ2UjlyUldxV252dWVvQ0l5MHdyckkzNlhQTWxBWWs2ZnVfdzdnT1dwNE9KVnZndWcxSnlUdUV6Rm5Wck1EM21LQmZJaGNtdTFBS2JidFlFbVNPU3UxemlXbm0xNkd4NEM0YlkyRHBsQVo5VEhnQXl1dkFLUUhYeWwtbTktdFI4LUF4Nmp5?oc=5,eluniversal.com.mx
2025-12-28 10:41:32,Envíos de remesas cierran un 2025 para el olvido,https://news.google.com/rss/articles/CBMikgFBVV95cUxQbFFiZXJMN1Q1N21MdWVIeE1kM1JoR0dVTU1wMEJlN0RzTWNGWl96aGJ5eDlTdGRjcEVaaHNyWktjUzZwcmF3NnRoWmJsUmlBcHpueUFrQVloQlpEenVPTHJGdUF2SUYzSml6WjJweXpSNTZVWV9ZR0VmeXhzU2hDdmdYRzFDTzI2V3hrSXFJWnlnd9IBpgFBVV95cUxQd3VtalVuamwtLVc5Q3RMVER4empaWkNYbkcyLXJHMFNNcVJ5NlUzZmFQTmlxSkE5RHpmUllGNndDMHdORnl5a0VBdlc2b2FGbkJYb01RN1F2VVpOWFJXM2VkMXVGaElVUk5IMl9SWHptRl9qUmxLVFhSdUp6aDB1ZGpXRWYxcGJOc05mSEt5bDQxbzNLUEtUemJCZE1SaHh6bHg3VmZn?oc=5,eluniversal.com.mx
2025-12-29 22:25:43,Arrancones en la carretera Mérida-Progreso provocan accidente; hay un motociclista con heridas graves,https://news.google.com/rss/articles/CBMi1wFBVV95cUxQWDB0YnB4dEdJQXNXd0RQaC1tMm9kMzZBNWdOWGhCbUpCVU9YNnhfeGozU0ppRWFiYzcxcFNraEh3WHVhYWt0TVRmRnh2aUFTWFpiUzVCQXloTzNfMldSckJXLVlMd1BJTUdxT0lyTnBHVTRvQ0Y2eEZtd0RHd1c5alpqRVBRNlRDcWdRS3ZzbXJ2a1VSN2NaYjVxT1lOc0dyXzZIdm4zcm43bXhrU3ZENHVRcEZLbXk1NTF0czBmbnlRVExhcWhjdk1HclA2b01UUGZWWlBsc9IB6wFBVV95cUxOblZCX0FIMDlWc2NIY2lQRGlTdTIzWTVKcGtOZWprUktHRzhmV0tYX2huTnZzZDRvNDZwQURWcUt6M1BIT0VHYVJ0emlFcjJRd0tpMExTWXgwMU0ycXVvUU9MbHdSRVFVeGlQTUxJTG10ZS1fSlNnQWh5bHlMUHExYVBtQlM4Z1dkNGNLR0JiX3liNzU2YzQ4VWp6dUhiZ0MwOFR4MjVlYl9VdHQzdkUteEhnUUM3SlE4TzRqdGp6WEc0bEJ3eElEM0ZoTnRCM0t6V3o0RTNKR2lnUndwU0NTV0g0SVgxa0tLODJB?oc=5,eluniversal.com.mx
2025-12-28 20:27:00,Adiós a WhatsApp en 2026: estos son los celulares que perderán compatibilidad,https://news.google.com/rss/articles/CBMiuwFBVV95cUxQdFM3RDJrRzE4UVpfUVdSOTJpRlA4eEtvcUR4UDVRMmR5M3pBWktjVTJLb0FoYVZncEMxbFdOLU14YTFXOWxEdzE4S3BRQTVEUUp6OW54LWt0WURteW1GcG5fYm0yNGE2ZWZEVHMtdGllRWFVRmpoaTQ0MHpoMGZMVWthcGwzaGFIQzJHU0t0RUNuSEt0MFBwM0FjYXozbERNV2lsR29PSW5sQmdYcU9HTWFNZU0yNFBlNlJj?oc=5,eluniversal.com.mx
2025-12-30 17:04:00,Quintana Roo rompe récords históricos en cruceros y operaciones aéreas; llegarán más de 7 millones de embarcaciones en 2025,https://news.google.com/rss/articles/CBMi9AFBVV95cUxQQ29BREN0RGdHNFRBaHFEaXAySzVPa2s2ODBiQ2V0VlJCbVUtZExpMTFIUkJlVXZOV3VibWJocFU0ajZmMEJmaHN1bEZjUlhhNzJSYXdkWTRMWFlCMzFtZWZJWXB2NG9xU01SZEh5RWs5c3pZTEJwaXlEZ3hGaTZRZk1lNWFNa3VOeHIwdkZndW9ZMy1iUXRBbklOUUhJdmNjcXVYRzVVWG5uVUtId25SSTdmaVk5UlBKRTRKakxhb3RzVEtZRHNhbUczSHVPRGV0dHVUR1BlOHR3MWdCbGxTQXJ4QzE3dDNENXNjTHN0UmZMeVR60gGIAkFVX3lxTE1UalJNd05HLU9JWF9MbnVxMExIOG5oZFFlWHhPbDdMOGt1d1llS2RNZ0h0MXp1MUZ1X1BFTUFvWS1KUnNsQVc3cnRJMHRPemJIcWtYUE83aXkxNXd1SnJEQ3ppbS1SLTJHTUR3bW9xQlN3elVWWm9BVm9fM0hzZUdROVVLVEgteXZCVlVfa2ZBSlZVcnFuZEg4ZTVOUDJNcjNHVjB4engzb180WXltZWxBTzN0QkhjNGJTeWZEUHlyNFBhUGdSTDRtcUVZT2xtZTJMN19xTHA4aGIxZHpoOUdFRFRGMnRoekdRaHcxeHVILXp6SjdWbl9hUHZpR0cxNEx0M0NXQ29aUg?oc=5,eluniversal.com.mx
2025-12-28 00:08:10,Liberan a joven detenido en Morelia durante manifestación para exigir justicia por asesinato de Carlos Manzo; denuncian tortura,https://news.google.com/rss/articles/CBMi-gFBVV95cUxOSkFNX2VaSmlaUV9oTnVjaXpGU3hrSm15ZDg1NElEWmNNSUJieEM4NHRacjVIUHNjS0RHbmYwSEwydVpvT0VfSm03ZF91YWZSUTVQa3puaGhYSFJMWG16NldULUZmd3huTDFNMkhydFpkZFlPOUhPeW55bmlzYnlFWmVXNkNna3F1bXhOeGQ5S1Nrd2J4RzhpQkdrU21JVzdtY2xud0tQU1A0UVJsQ012SnhKZ3BQVUN6bU1DY1BDOHJfZDFFcWVya3JKcmllN1d0OHRCOWc2b2tPM3FHZTBPQXNqTHY1LWFlT1BtdmwwcTd3VFNJTld4R3Nn0gGOAkFVX3lxTFBsbUUzQzB0NkJWRzBvdVA3aHNIRERvelRzak5kZ2R5RV9aclFJTnFqRENyQk1qVHNnTHU3ai11UzlkU2ZXNjVuazY4WlhiVVlmcHloVjVnMm1HS3k2YjduN01sRDdGNGtScUhMa1lyZXRlTHFwRGlPbklTRHRGRS1vb1IyWEVLcW9EMS1aTjZCamt0RmxKMFdfMHBxdTVGSWZyalFDTnB3SVJOQUZvUzg2SnVnMFFqa0JWRkd0SXNiTDd4NzZLdlBJSnpjZURxX0w4eWFicVhpV1hVMWIxQUkzTzl5UEp5UGMwLXlTMHdST2VpOXptZEo1THZ4VUlyRGljM3BIUU1rTDVNWHZMQQ?oc=5,eluniversal.com.mx
2025-12-27 07:44:06,"De 15 mil mdp, afectación por gusano barrenador",https://news.google.com/rss/articles/CBMijgFBVV95cUxOREYxTG00OUV2dng5QmtHQVE3R2N3VVlHa083MDhpaTFLVEdvaUd4ZHk2SHNHM1RveDZvZWgtV3A1MllUU19mTWVUbDV4SWlQUHVkNktzSnR2SHItT2tOQWVkV1pqaVFIcC1kNnhYVzVCdktZUUdDYzhKYml3aFg3OHFxeFY1QzRsV2d5ajJR0gGiAUFVX3lxTE1jMjJzYTZDYkZuX0ZEZjJUeTRZdHZqbnZfTV9ZRDdWY1I3OTVsY01mWnppTUlRS05UYlhrVUVDQ1V4cnNoOFJXOFIyc3k4WFVjdFJ3S0JyRGhOVnppSjJQSm9rSjZ3U3VPc2NsV253OEpRUC1lYjUwXzZSNmFWUmFqeWRUUXQ4RzVxcmVZemJaR2kwazJhM2dIaWd6QXVQVGxoQQ?oc=5,eluniversal.com.mx
2025-12-27 06:40:48,"Un momento de inflexión, escribe Rolando Zapata Bello",https://news.google.com/rss/articles/CBMijAFBVV95cUxPQXpVRU8wUzBwZ0tUYjB1ZnNYRl8tRkUwZ2VNc1FvVTdidjRRLWlMYjdyM0hRR3E5eXhkU0pFWlRtMU9KaUFrRWk4QXNjRWZxdVZSYi1VZGpoV0xLTElmOHg4eWY1b1p2ZC1idE13N19YUUdGM1lQeGhOU1NHX0NReWNJMWxOMG1yT2habw?oc=5,eluniversal.com.mx
2025-12-24 16:20:22,Prevén temperaturas de -10 grados en el centro y norte del país esta Nochebuena,https://news.google.com/rss/articles/CBMiygFBVV95cUxPTHlKb3hsQUhQYWwzdmpDbUFvV3c4ODFreWhDblFmWFRBVEIxT25ldWRWMjVQWjlPRGhOWF84d0ctd2U4NmVwOFF0ZTVZdElGeS1CYzZNclR5T3U0dUh5QU9XckdXNWVXalVCbkpUVldQZWFuODM5RmEwbkVrQ3JCTkJOR2dlcHNjVWZlbjA5dUg2V1RRXy1nRHRNTUpicGc1YW9tczVjc0dtb1FKRlFMMlM4RzFmR2REWXFwcHg0SjRYaTZHUDJ5NnhR0gHeAUFVX3lxTE90X043YUp2MHQyOEpodHhqVFhYbGZ5VTV6RWRvcWVhVUhxajM0clYzRTVfSlVPejFIbjhnallvNEtoY3N2WldoWmNhUlJlSk1DNkhiZlptaVh4S2ZpWTlfRGF6S2V1YmpnckNKbFlXYm9Iam9HMjAtLVRmSmZtcVg1Q1RETnYxVkpMMVBOeDlSUXVaelEtZHhyaXZSdUMzejI1bU9tY1NiaUhFbzZUT1g1UlIxa2tKYjVlcjhKaDZsMDhIdUdFUHhWdnJEVzNYb2h6X0ZnWjY2S3pGZDM2dw?oc=5,eluniversal.com.mx
2025-12-28 11:02:46,Las máquinas para hacer tortillas tienen más de un inventor,https://news.google.com/rss/articles/CBMivwFBVV95cUxNWXR0MVdybUJINHljTU1MTkF6THVZSzlvUzUzLXQtZUp5OEhoYVJqbV9lVDRWSGJYWjBpTy1FZWZPeGs1MU52QVk0SDJpWGlwOE55Y0wyMFVEbnlsdjVNam4yTlUyTzM3bkZDa2NDUGM2d2ZSLXVRcGRuNzc2Ry15VHJLQW5DNTktcERFSlpxQWN0QnFCaU1jcjJYVnFuT3Bqb0kyTnJXbVUtZ1VJdFhTSHA5TUtPOHhwNkNuSThBSdIB0wFBVV95cUxQTzJHeFBPNkhiSU5YcFdXaEtlR05kYnFZbVNrWFJxN0djMDI1cUFjT1hnT014NnBvVmVPb0VYdVRQTFplRUtPdnJxejJxT1VJU3VYOG51SlpUcDJrS2dsam0wZXNhWE8wcTFEY29mdVVUbFJIaEVJUlEwd3dBR01iWVItTWR4cFVyN3RFb1lMbEMtcHVCckQ3dEQtM0dKWTNuTklueVRNa2x5Ykh1Skh3UERUR3NUUEw1TldMQmhXQ2FNV3Q1VEdzZDl5a3hfTVBzQnNR?oc=5,eluniversal.com.mx
2025-12-26 08:45:32,"Virus se propagó en Chihuahua, proveniente de Texas",https://news.google.com/rss/articles/CBMilAFBVV95cUxQUVhjTHIzOWRaMDgxSkFueWthRDAxY0t2Zm9TNUpzb3FUdEQ0UkQwUkRBY3FPd0hkY0hCN1BCc1huaVdjQ0Q0RlQwcGRVT1Bxd2lLSTZQOXRRaVUydy1oMkdRTi1Rc1lrNi15aE5vcGRfOFg1QWN5MVZsWk12UmVfUkU2SFlFZVRpVlh6ZW1BWVFhZGxC0gGoAUFVX3lxTE81WDlNSGNrWkIxOU5zc0JNcnRXU3NGZ1NXWDIxR2d0UW5BelZjRjBVa1Y0MGZJX3RhZklrOFduOVh2TXd0LW13UFlJSWN3aUlCLVJtWFVVVjI4bUQxbGR2bzJqZTFwOEstU3NyQlN2RDc4THJXaTh1OTYtUVBCLUV1YmxJY1RTNGhFcFVHU1NQMl9Pa3pheWVIVzRfSGRhSHpkLXVUNzREOQ?oc=5,eluniversal.com.mx
2025-12-28 06:30:05,El 50 por ciento de nuestras aceras lesionan como la esguinzadora 3000. escribe Homero Bazán,https://news.google.com/rss/articles/CBMiwAFBVV95cUxQSzRheUxyQWtvUVBrWlNnOFRFUnZZaWd4ek9XQUl2c3JXZUdDQ1Z5dFZtQWlOOGRwSUZWc1c1ejU1MUtVdTlJdlZ2a0gwSFJyaVFtV0pzYU1WN2dod2RpY0taSXVBcFpCUUNGMUJlbFhQR2Z6VndJcmJaeEhiVHp1dnk0QVJTQXNiUGZZUXdLX0ZYcno4YjVEYUFYWUZhdU11MVFaOG1pQU9wUmJyUXJRU21zWF9CUXhwSU1vdHNOZmg?oc=5,eluniversal.com.mx
2025-12-28 08:24:42,"Alcaldes, bajo la mira de los grupos criminales",https://news.google.com/rss/articles/CBMijwFBVV95cUxPYXBFcU9ER3FQZy1ubjZoVDEzTEVyYVZPSVVBUzNOeHJQWWUzQnVWdDctdHprNWxfeDBhbFNjdkRpdDVDWklaV3BoeVhRNVJGTndobEFHZUkyRHMxaGVfRXUtN1lJZXpXN1d3dzd5ZmFhZ0twcGNvQXRoOVBMS0JkaFB6cWVOMi1yeFhyd2Y4b9IBowFBVV95cUxObXg1eTVNLWttS3NkV0lSWU53cHY5RmxiOUZlOVktUWtKb2xPdkhfQ2ZfNTJ1cGdkcXA3OHpEOHBpZ2YxdVppN1ZIR0dCazRtSF9BMVcwTHlnVkJKaTVKNy1YZGR0c2kxTzJ4MUtsdmNpSElhc2hxYWtsOFlnT0tPcEZIVnBBX1dYanFtRGxrblkxSm82RUs5YW5vd0phbGJCTUlN?oc=5,eluniversal.com.mx
2025-12-26 20:36:45,"Oposición exige publicar reforma sobre aumento de salario a policías, fuerzas armadas y médicos",https://news.google.com/rss/articles/CBMi7gFBVV95cUxQTFRqWmhsdjFzZmFjdGZqVzl0SVJYZmw4a2VGWlk3T1hVLUQ3RS1HT1gwV2VCZG4yYXV5bG1OZWpKWm5zcVlzZ3BwS1dqeWxwaVRVc216eHdjRFE1S09iYnpBdkVMR2xtdUlMNWtzdk9KeUFWUkpKRWhDSmE1RmJlY1pXaFBJTnA1UEZOQV9pWnRWUHY4XzA4T0J0MEdBVnZjSTR5OXJSOWFqVC1tby10MUFHTGNZSTNiTFN0OGtxVVdYU3pXYmE2RWNBMERocTlPUHUwWmxtM2lfNl9ueVA3SGpySHRqUk9neFFLQmdR0gGCAkFVX3lxTE5PQ3JVSUs3empmRVd0MjQ1a0lac3lpdmp6S0hnb01VaUZCRDAtZU1HbTkyYl9YTHJMNjhJbjVjLWNJVVdsWUZHd2Q3d1N4YmxGV1pXRWY4NUJTTGtGanktYW9SampkWTVuNEVQdzVmS09iWkN1VW5WTU9iM2RiaXo0Nm9qZGxaUVVBODgxOEVlbXJDdU4zbTlHRHMxeDBGb0J5cnpqNExDemhIakN2WUtFR2h6WUx6aEJ2Wm10bDlxb1ptc0ZXbW1SeHBzLVlNaE91czFTbThKMkVZNDloZVJJdDhnMXFfY00zN3lwTWZHeGx0Q2tocndNNXQyWHRha3VHQQ?oc=5,eluniversal.com.mx
2025-12-29 18:11:00,Qué es carachama y cómo se come,https://news.google.com/rss/articles/CBMid0FVX3lxTE5BaDQ5Q0p5UVJvZmY1UHRjWi1sR2R0MGlnUFpieE0tZlN5RWFkWUxKOXBSb0J5Tmd0cnIxZUM2a01NSnRxaGczTU5mQWFVWXhyQXRKbWRlazQzaGp0SjJqV2RnNHJBakFVN1hnUGFqdlc3OTM2WktJ0gGLAUFVX3lxTE9ISFFLZ0xCNmIySldCdEo0MGdDZmlnTFM1Y1dfWFNZZmd3VnJaMTBfUWhFb3VaY00wN2h1cmlCYTJfNDhOMXFlMFh2WW1KRDRVY0ZsdkQwTGxCaFRYRnNwelJEVThSMXltdW10MG5JaHFFSjZjMFp1S3lIc1FtMDNGbW5JRjJPN0JBSkE?oc=5,eluniversal.com.mx
2025-12-27 20:54:35,"Gusano barrenador provoca crisis silenciosa en la ganadería mexicana: Manuel Añorve; urgen apoyos no discursos, afirma",https://news.google.com/rss/articles/CBMi6gFBVV95cUxQeEt5WnlESW9Nck1oSTZOaWZNQkxJMFR2NTVJWkFKaFp0eDhxZWVyUldwUmJpYVhlaTdTVU50MTRKZ0JLV1prWmk4cjNkUDNIYXFUY0x3ZTdveV9LLVZkUjBiVzBPSklGOGFXbEs4WWQwX3ZWQ2Q1Q3N5cURxSGRtYVJUVnQzY2x6YlV4OUt5dEdSMHFfb1FZYVpyMmpseE9zSWY1T25JbEtBMXpHRmpoWTB0MEZWQ1U5bjNIdXRTMm91c3FXRm5BcjhreXFBVE1nX0tycjRrRGRfNGFoLVd6WEZ6MkVWdms1eWfSAf4BQVVfeXFMTWZEZks3MFM0blN5MUtUaUFUNFBidVdKNE83MUczTXVrc0QzNWhNdXA5RlVZODFzOWg4ZWh0NUExWXNVZDVWREV4RlNIVFRDTmd3TkkzRmZxY0F1OXZWWDRXc2FaOHh4UXhaNS1PZTRSX19YY2xiZFVudXhvYUZvWHZKY2VLZDlWb21ELWJDakF4QW84Zzh3a0Fwd1FXNzl4WTZsTmRhYWlJZjNXM01mQWpiME9DNWlWTVJEREhBaXMxcU8wUE04Q003WW1uZ2trMTV0QkVHazhkbXVpQ1VTLUpEWlp4Z1ZjdTlVUUtzN1BXUHV3X2VWYThIRjk5X0E?oc=5,eluniversal.com.mx
2025-12-29 18:50:38,"Frente frío 25 provocará caída de nieve en el noreste, oriente y sureste del país; habrá temperaturas de hasta -10 grados",https://news.google.com/rss/articles/CBMi7gFBVV95cUxNNVFWZ214dmhTWjlueVF2QVNXZjRrZ2dNWmtkQ08taW1ZNmRIQ1RWWmZhejJKbnlkaWdPYWpSeXpjWm0yNENLSVdJM3hsNkRTcVp0eFdDS0xreEM3YVBqR1pja2Y4RDZjRVNzYmZfRzlTQ3owbU5OZmNTcGhERWlBbDRWY1YtVVNDX3hKOUFQM0Fma1E2RzkyMlZ0aWh6X01hQXlzYUlLTzR2QnNhbG41bnd0VkJOMlBlVFp3YjZkdGEyTGstYXd0cTdzV1JLcGxkbF94c2tqZndzeTh3MVJlcEZxaGJlQmJBNDd2eGtR0gGCAkFVX3lxTFBFRUNQdldsbHlfWmRWbmY2S3FwNTU0SU5UdF9wSkVPME9Kc3diSC1BWHlGVEJFaEJZaEtDaXpqSzlrdG5wVmVJN2lfQWwyckV2N2U2QWFtYy1vdm5aZWZNUjJoejRfQTVGTWdvb2xrSkJDTlo1ZFRoVFdoMGQ5NTduUHpLWFdjZkhjUmxHM3BUUHpMY1JXMUxtVzlUTWo3cGRkVlptaHpsQldGODhfTHJEYzE4U01UUmVFMEpiS1JhVTJLMDl6NnRNRTZvQk5JT0RiYlAzVU1GU0I2dmV3TDViUGFlRjk5cmlMeDVXYzAzZGllSUtVUFZpUExWU1ZGaWM0QQ?oc=5,eluniversal.com.mx
2025-12-27 06:51:11,"En 2026, plaga del gusano barrenador tendrán en zozobra a ganaderos",https://news.google.com/rss/articles/CBMiqgFBVV95cUxQbU90Q1dCZjk1REQ2ODNIcmlmRmEzTlJDRS1Mb29OS21PS1pxVFBzd2dvc3F6OTluc0xSaUU1OGt0UEI2MGJYdTF6TXNYVV9CcUg0Y2cza1ZBaHJhQlFTRlQyVTNwdkF3Y0ZXclZUZ2FYZVJER0t5c1FhLWFoZHBkaWxSanNRTVh6TVFzN2hYYnpJTzlCVnF2WlAtMjBCaldQZ2RTTjhIWE1uUdIBvgFBVV95cUxPYWNHOFpTME9IRWdwNldyVS1DRzBKazkxZEtfdXhsRkZwY3l3MzhiME1OVHRRNEtQcm5UbTRWbWY1M0NsSWFCaHB2clFNVmlMdXdxaV9fVDIyRzdlei0tVlhtZ280STRwbVRKZ0x3eThtbW1fWGM3V2hmQnZENnMxc3JzVXZTRzltbF9fQ3AzQllCdkstQmFiOVo3dkQwY1BJY3JNMGNfZ0lrdldocUlXcjkyRVJiZG1yYjF4STln?oc=5,eluniversal.com.mx
2025-12-29 22:25:48,Autoridades de Sinaloa piden denunciar disparos al aire en año nuevo; piden sumarse a la campaña “Celebra sin Disparar”,https://news.google.com/rss/articles/CBMi7AFBVV95cUxQREo1X3hmd0t1czZpa3FCbGRjdGswelpwWE1UYkdBQ0NxU1h2OVJfaVVfS1g0b3p3TFVyanZBQzF1LWZINDFIbWJUWnR3Zjh3Y1oyeDVicTFXbV9nY2h4OEIwSEF0TjlmU0drTVhOcFR4QVo5a3FtdlhQZXdlNzZwbkd0cjU4N0NGYy1RcjdQZVdZU2RVNGpBX3JSNk1HTzZJRDJZb1NQWlhwNjJ2X2c3aUJ2dEhid1drQUtNRVMycVpHNUZYQWlhSUt6SkhsalhPTDlHdy1PUndBRklyenNURVdaejBrRUUtMldfN9IBgAJBVV95cUxQem5HX1dQQ1RFUHFPdWo0QWI4Q2llemRQTnpvbUdpRW1WMm1NYUo2MlVCUXFTNUVHcHhBRWl5T240WEJZVjRDUDQ4MGV1UEFvZ2t0NjFpMTVBcFpNSE9pMHJFSGNxczBKQUxiRUNVc2l2VkY4UThtOFJDLWJzbjB4bEZwYXN4VTAtS1daX0Y0RTN4TGc4MEczSTdJd1FiVFpHV24wOERGNFl1RDZMV2NwSkVqQUFLMERtcXJRcEdhaXBFR0VSLWZ5TEJUTU5WWU9OQkE3XzdEWlhabTF4SGpEZm4xYmtNM1dILVJZcFRiVl9uMUZFNHROcmFTTlZCeWdL?oc=5,eluniversal.com.mx
2025-12-27 06:13:52,"El PRI es la verdadera oposición, escribe Alejandro Moreno",https://news.google.com/rss/articles/CBMikwFBVV95cUxQVDhjQU9jTHljY3Y2N0pzSFJ6a1poRTI1TkhwanVrUXlWbG9udXZPXzByWFJTa1Ita2lGNmkwMk1WMTdpNjdIWFdDNF82R3laUGt2WEZOUWM1Q2VpRmw5YWo3dGs1ejVxMTlQczZCdmt6WV90NThLVmNMdWduaHhtSUdlWERtNmMtQW1LQkNPYmtWM1U?oc=5,eluniversal.com.mx
2025-12-28 01:56:08,"Reportan 7 personas desaparecidas tras quema de bares en Villaflores, Chiapas; Fiscalía vincula hechos a narcomenudeo",https://news.google.com/rss/articles/CBMi6wFBVV95cUxNc2FkYnViQ2U0ZkN4NUk3ODQ2UFcyeVQ1WjFrQUdfNlBNME1ZdXFxN2hVVVItMWc1ZFU1U1ViLXN2OXJiZ1RrWjFnWFh1aldMbUNxM1BUUUlmb2F1bVJNRUdvTXV0bUsxZ3VWSG9wNHhON3NaTmlybk1OSEEtc2ZGaWF3LUc1aFdyZDBEN1owM3FLNHY3ekFGcjM4N3prczVOeVAwVzNKaW5XS3Jnd2FDTDI5eW9wZUxqd3BUYlBBa2diWHF2UkVEWEZhUkJIY0IxanZqTFR3eDhpX0V6dWktQm5CSkFBNHBuQlp30gH_AUFVX3lxTE5lXzVPbEhoTm5mQVk0UVNVcFFlVERQMHByNk9rMkZHeERaeWVsWE5wTlN0NVJnSmhRV3FDS25adUtkR1E1UjZhcVM2TkpZY01RUl9ubndmOExzYXNQQ0hMWEZ4M2tLYzh4b3ZMQ1l0OWlkSi16alR3OXA5WTN3bHUxaWg0T1ZxVC04cV9WRk95NWpCTXM2WnlXcS05V05tWC1oM2ZESXRjamYxd0gwYUxQQTVWbGdhUTk1UXpUc0ZBU3pfbXVmNWhLZHJGRDI5bmZzdFl2MDBxU2ZPSzRMcnRTbXhQMTVqTGd0dVVSZTByNFJUVzNXb0EzUXZuS1E4RQ?oc=5,eluniversal.com.mx
2025-12-26 03:51:26,Estados incumplen proceso de armonización contra deudores alimentarios; Senado destaca Registro de Obligaciones Alimentarias,https://news.google.com/rss/articles/CBMi9AFBVV95cUxPS2JJQUdaYlg5Q3ZVQzRId2M4Y05ySW1ycWx5M2FWWTctVGlibHBadlJBbTl0Nkpkd253bnEtVmxYLWJnbUM0R0JMU3VrMWkzT08wUzBzZC1DN29HZEk3WVhFbEhMNEdieFZTRDV0UEQ5ZW11VFNxcFJDWDdRbEI1OTBFSTlURmZkcDk2QllRWnNuMjZwVU4tX0YwSUhJSWJfcERaQVc1MTZCTDFGbWp6WWZ5Nzh2bW9veFU2UFhOOEgwbERoOXVRM1RNbGlZOEZJSTMtN00yQ1JrNXFBTkRCaklZVGprYm1PNnQ3SXk0MUUxR0dE0gGIAkFVX3lxTFA4bHBURFdLTGpoUUdSOENGN3Q5MDRDMDdCZWx3WkVxME1wQlBZWUNVS3FZX3RKSWVnTGNvOWZadVNTUkxnMUxpSnJkTVQtVXN1NEFSOTA0aXZURFVzS0tXaTNJMzhNQmhPNzhneHFUNmptRmxkakdUZmJXcWM5TnlWR2FHYmFPbEhhcnJ2Y3RZOXloVDNPWkU3dnhfLTlHNGgzdkZfMjJKbnZmZi0xNVh2ODNTWmRtVVhHeEJZcTdZSFRDMzlZbVBWUkhyLU9xRUJQOTdfRlRJNFN0M2ZGSjZ0aXJNZmFtS3c4TUg5RUVScDl6ZEpQQTRvekNBVjhjTV9DQTE5NVpkMg?oc=5,eluniversal.com.mx
2025-12-29 04:25:00,Encuentran sin vida a Nataly Montserrat en área verde de Cancún; llevaba cuatro días desaparecida,https://news.google.com/rss/articles/CBMi0gFBVV95cUxNaXNqdVBEZFdNbWhTdVZnVVJfZzhBb1V2Y21xODk0Nmg3R3Fqb2FqWDRIRXhpMndJdU1DdUNIRjRocGFfeEstS2NTSkphNzQ4N1lOTW1kS1BpQ0l3RkJtQ3k3ME93ZmtBZ3c3MFM2UllxcjVuamhqbWt2OFF1cU41WFU3VUxsTU9pZXVYMnZTcGpkN2d1QzVKQVhlZU55Z2xLQ3QxRFBDb2VEUkJ3SVFYZElIMW0xNTFiWlF0RmZSaF9Lb2E0aHZuVV9oREZ6UklTLXfSAeYBQVVfeXFMTzl5ZWI0bnhPLUhKVDlvYy1YdmZZVWF3djduUzd2YnlIV1ZtU0JrUUxsc3hyMzRjU2JkNUt6czhYYjZfamFWRjd4SVAyNXpGNVZQM2FOZkVJRXU2V2dGMVZMSTZfUVlxajhMZkJzaEJsNGtkQkpucDNIMllpWHlLZDF5T1ZjN0pqcThVS0QtNzNjNmxKbklBcUhCZkNzdGpfbV9WdVhydHN5Y0RPeUdJVFVlQzAwUUpNTDNBWW9MNzJ3dUpiSzhFekJEWGRQY3hBcmtZWTNjU3FkVk1WMlVTQWFmNmhmRGc?oc=5,eluniversal.com.mx
2025-12-31 04:10:22,¿Por qué se comen 12 uvas en Año Nuevo? Descubre su significado y origen,https://news.google.com/rss/articles/CBMiswFBVV95cUxOR3pMemg3TmNiZXJzVkc5d0NZZ0kwbTRSTjhwc3d3amVMaFBvR0Q2SlYyYzVBN1lZQnZ5OWVQLW5KX0VWM1BoelVmUk14TmZIRm14TWd5a091blBsM3ZIMU9FTjN5M1pBWDVBWm1oUjA2YXJSNzFuZ3M1X2dYN2hWWDc0R0ZiWXc3cW8zcnQzYV9DM2hvb3MyWVRaa0MtdWdjNkpPV1FWVGhXTFdwam1ucXZNRQ?oc=5,eluniversal.com.mx
2025-12-29 01:08:00,Identifican a dos de los tres estudiantes desaparecidos en Acapulco,https://news.google.com/rss/articles/CBMizgFBVV95cUxOZ3RIRDRlUEVYX0NZM1k5UVdCQ19LN2RJZ0t1TmdraUtSX1NkVzAzV1YyM0xtMmoxWEZJWnBqZnFpNDFrN3NRelVZZVZWOVFfZlozODIwbVZqVklXWlpyR2hlMmJhZmRCLUNJaGt0LTAwRkZOMzRkSnR5UHBQLWpjdTBidjdCcG1EQng1MktObzFjYVZSVGl1YWtIM21jMzd3NWJ1VmkyYTl5dUxfVTdYaURUN3E0WHExMkxMT2RhUmtia0FJOGw5U2Etb050UdIB4gFBVV95cUxQNGUzTEoycEx1ZmNoNjBHNTU3RmI4ODUtTnFRSFhBai15dXpBbU80Vy1jMUF1MUNrUmJOVUdOcFlOalZ5OWNmS1JfeE1zckxObnd2Q2F1WnhxMUtmTmN5aDRTQ2QyOHppVktaTm9PS09pLUIzeEJ4VmVTM0JtRDQtazhtbV9UWnZIQ2ZHSUpTY3VsbURMX3NhRFc0TjJOWEtmN1FldE9feWUwMVhITWJyTXNMeDRLMkc2eWpaOEpYYklEUmdsdWFlNUhUX0JJMkllM0NtU2o2UUNIRXFmWXNRTFh3?oc=5,eluniversal.com.mx
2025-12-28 15:32:11,Año Nuevo Chino 2026: este es el animal que lo representa y su significado,https://news.google.com/rss/articles/CBMitwFBVV95cUxQVVdXUy12QkFrcW9YM0tOeDhzUmZMcHpzNDhFejBFUEp1OHVDdjZkZUJCaHRfSHdXT3c5bngyYlk2UmJSQm0zVnVYeTdMZ0p4STIzU1A3QTNHMVZTZXk2cDUtVEJYNXJ2cDNEN2x5QjVsV3dGd1BNNkU3RmtoUWloMUl2aU1oWWpzSnhfMWs5R1FheVoycXlSLWdvcHc4dXh1ZFV6VkVKMkgySWZaUV9uMzhVVy1ZOFk?oc=5,eluniversal.com.mx
2025-12-28 13:00:00,¿Se pueden tomar búlgaros de leche con intolerancia a la lactosa?,https://news.google.com/rss/articles/CBMiogFBVV95cUxQSVdMVF9yd05lSFZ3Q2hzVndSZmxDUTRaWXl1LU1kVGpubFA4UVJUVDQzR2FSSG01SUcxNzctUVJQVHlhcXVWVU1UMXY1NnBLTERObk5GYm9BbVRmeWtJdGpEWXlueG9QWXlhS0g3VTJNajV4dmVqMnA2bnlTc3phM1RVdzVxay00SHJoQlVMLXZiUEpiem9TX2h5cGxFdHZhcXfSAbYBQVVfeXFMTy1VUDQxdEs2emJwMEJKVG9iUGNqSVk3bjVFNmhwRVU3RVFDZmtzcm1VbnlGVl9MUU1icnNnb1AxY0xfZU1vTy0tMTQwdXhTU0Q4emVGNUJMMGNFMk9neHlxeEduWmtjanFyNFhRbzBmcWpfbUoza0V0WGk5QmxGTnFnbjVYZ3F6ODdtV2lOQklHRGctV2Y1TVZtR1AycktJZWtxVzNJbGtuY25tMy1jLUVsS2tzcnc?oc=5,eluniversal.com.mx
2025-12-27 21:15:00,"PVEM propone cárcel a quienes gasten, sin consentimiento, Pensión del Bienestar de adultos mayores",https://news.google.com/rss/articles/CBMi9gFBVV95cUxQZEZjd0VuOFIyX0pTMDc3bUl1dkdzOHFWX3dhd0h3aEZIRnRxYmlnU0FnV1ZOTXR6MUdYaG9hTFVOVlVNTE1wSDNqOUtsZ2ZoMGFGcmJpb0hEZUpjVl84Z3hjb2JxQ2dZVEtOYUxJTDB5NmUyeHc4SkRBYWw3NzhCVGRRNEZLaFVFa0ZsN0V0UmxQUVJVQThXbXBWYlItWVpWNnB2cS1aTGVWdUNBNTMwUEU4ZHJNNzRLbU11NXVCSk80Uk1pYTFkaWxXbUNtblR5em5jOXRPdVlITjRxZjk5RHRyM2VtZ2dlVHFzaG9xNVRoZEgzS2fSAYoCQVVfeXFMTmZLcDBLVGR1a3V3ckxVVTc5MzR3ZEdYSFlia0ZmX04taHVPZFhRZVR2Zjd0ZjhGdkh6Y3VualhiS1hHSVhwYnViZ2p2YjJTZ3REbkd1Zmk1Tmh6ZVJZQ0hRNlZ0MUxHSG9rTlJSWVVzMEg4b2NBVnd4Ri0zOElna2RHYks1MWEtVVBGbV9UMFgyb1h6TUxzYm1BMVlrbnNvcDdxNkJEZzRFSmxkUDcxSWl6RkQxQWRKSlMwbzhjd0dScHhjTWVrMl91akowQlBXM1EzcFYxUENVdGo4cjBiMEZhRC1ib2lGRHVkUWR5eTZ5X1BZaDN3Wm4yVm9rZkhlTVRlUk1FWFAydVE?oc=5,eluniversal.com.mx
2025-12-25 18:25:06,Navidad lluviosa en México: prevén intensas precipitaciones en 9 estados,https://news.google.com/rss/articles/CBMirwFBVV95cUxPcUVRZk1CY1BJdEQzd3QzRUZHeHdRbXR1ZXo4RFpaVUR6NHV5ZmpMU0dQS2RhVGgtdlMxTXFWdmlBQ1N5T0w4TlIwdGN0UjEyQ2NvZjg2ajVaLWFabEtpM3FsYVhTU0RjQWVoWWJSUERMR1dqcllkTG5iR2MzSE5oamF4TUpfNUgxTzdjQl85NDd3d0VaVDVVVm9uZmc0VmtzaXY5MEtfd3hzb0ZxQ3N30gHDAUFVX3lxTFBvWmxFSlU2UHpKMmkxQWlTc3hRV3lsMDU1YnZLbk8zeFFFNVN4bVBlSWI4OFZ2Ylc2WlJLZlU4SjZsUUtzcWRIVVhtYlBabDA1NGNPNFdDTnB6aWFsRDJSU0lnMTRVRkphNjBtM0I3OVpGU3plT0wwTm5TbkxmTWdBV2RTUC1aU216M1owcUZsNmFNQUpBdmV0WmYtNUR2emx4YkI5ZGpvbFRXY01vYl9HSFpEcDF4cTJyMzdFM2lEbDR6SQ?oc=5,eluniversal.com.mx
2025-12-28 22:09:00,Reportan tres asesinatos en Sinaloa,https://news.google.com/rss/articles/CBMiwgFBVV95cUxORTg4M1ZDX29TZDFIT0JnWDNzeUtRSVVQaFBxN1RNalRHMHlNQW84WmZwMm5QZmZYbEdtSjY2OHBjYUFUR085OUdiTEEtb0c3b1ZuVzlQakRIQVAyT3hpREM4WHVOOFJqM2hlMGV2UGdHei1GaTFRZ0k1Nk4wbTM3SDhZX0dtWUUxMy1RbGdOY0lCTjl0NEUtQTlhQkJfSVFjVThDSXlyMDY2YWZUMnlxSmtScDhja1RmdW9uSHoxX0ZGUdIB1gFBVV95cUxOWHprMlprOXYzbGxCWDdRczNPa1Ayd1dKbU1ueVp6R2lBNmpUMERwUGJkS052clVGZ21PUFFiTXo0a3cyMzc4NGNFeTJydUxXSnZ0NEZ5SHQ0UGc0NFY5dHplSW1TU2NlNkdFOWlURnJXRm4zUXVqTXdOeGwzQmZHVVpKczNMUFZfTWwtNjZudXZPbWliLVozOU9rUTdFZmJGNEYzcmFJNV9RSWE5eHhWZUdoTkQ3MUdJLTJoZ0VOV1p1ZFJMMkc4ay1sUkk2U1ZJY1k3QmF3?oc=5,eluniversal.com.mx
2025-12-27 15:59:00,Prevén heladas y caída de nieve en zonas serranas del noroeste y centro del país este sábado; vigilan ingreso de nuevo frente frío,https://news.google.com/rss/articles/CBMi_AFBVV95cUxPR3ZmYWhRLXZUTHppdWFBbjlkQUQ0ZWxWT1FvSnc4YTh3Qk03cjlSMDRoZ2sxbzFmeHNZemFVTUR6MzM5Zzk2RWhER0pGQ1JOaTJFeUt1QlkybV94M3Fxa0d5LWVlVnlUV25RcERPMEJYSS1GekJaQ1NHT2dYbGVMVmdlMnJPcnZxWXBoc1R4d0NJbURZQk52SEV0d0VUNExKVE9mbUVSVzJ5c2k4RUtmVGlqTHJQYktVT3c0WjNlMlpOSGhZemUzcGlwREp5amtMUTE4X3VxS2htNVFjOEQ0UXl2YnhnLXpsMmJDcDNrUkFMZmRZSTlyNFRfM3DSAZACQVVfeXFMTzQ3X1NELWlvMVRfU3BGMExsWjNnS3FIRjRtWUw3dE8wNFFQNEZ3LW9odVg2WlpPbFFYT0VfaFA1WjFTU0lhaHdlWXpYMGx2Qy0tbHhTVklFd19CTERZa1RZaWg1dEVYa3N3OHg1aDg1VUxUU3BiOHRyN3dsbEpleVZDTDluZnQyV3dITGZWZm0tLXh6T09oVjBxRE9yNE1nNW9qOGNRNFU3M2VfZDFXeDhfRWxnU0lqWlBuRTVkdlhtSVdpUmtqNG9WeVVIZUlPbnBiREZZQzd3NTFLaldfMEFiX1Fjcy1pZlZqSWpCV2ZhM0JNdkRyRWtFS2pfVVFnTmJueUF4U3VLVnk4RjVZMDg?oc=5,eluniversal.com.mx
2025-12-29 22:25:45,Explotan dos camionetas presuntamente usadas para el robo de combustible en Hidalgo,https://news.google.com/rss/articles/CBMi4wFBVV95cUxOMG13NzVkVWl0S0VaUW9rdWFqbFY4SWZaNjEtWGwyOEdSZFRnUU1xOEZVYWhCREZBQ2hMS3E2OXp6THRDUUNwV1dXYjZKWGdDSVBIanhJQXNBUTBVc2xVSXdQX2ltOV9CdDBmVWVmaUhRUllPSmFPWllKNk5Nc2RONEktNU9jTEU3OTBtWGRrT2owYXdtSHAwTGNwVzd5dmt2cXIyS3FDNURNVllLZ2xsTEFwVnFrb3BYREVfamlhWEdZLS11bWY3TTB0QTRDaE9PcldneWhxa2xoUWtielpybWJLa9IB9wFBVV95cUxPT3VQTllqZ3ZKUHh4ekJLcUFnTDNiTlY0WHkyNmRrc2FZbFVHenZZZWpURURZRldzU2xRLWsxSm9xbFVDb1BRcFRvbHk2YnR6bmgwNXFiT1NTcGFXOUpXRzZ3dkN0Z2E2eWtMeTk3QmdqOG9JaE9DSmVBbVJhZGNWMjdSWXpGRWJkNG83LVRtQWNtcmVNRTRrS0wtSmg5VDVFbjlGN2s5cnkzX3QtWHBpaXB1UmphbTB3T1VxUTBoRVN6S1Y0dV9FUnNFWXI4ckxxclBNWUlKTkVMa0YxNFo5RTk3TWZoNXk2UUJCcDdzdFZvUzBfTk1R?oc=5,eluniversal.com.mx
2025-12-28 16:18:00,Día de los Inocentes: ¿por qué se acostumbra a hacer bromas el 28 de diciembre?,https://news.google.com/rss/articles/CBMiuwFBVV95cUxOTElQTGh4OVQxX0NNREY1RExQZm8xMGJlMm44YnJPUC1SbmFJMmR1NEJIWFU1QTZKQmNhQVFWOS1HdXVyb3liazZYNzREY0ZHODhCVEQwTi10QU9XUlhhZ2dCNGIxTU9wTXJ4d2U0ZXkxOEd3c1UtY0pOVGRkRTRNS1psaDN6VHJOT3JycHctbjdrUjJHQ05qY3lGSzZRMjdna3I3eVhlOU9NMUVvU0RhOXNyMDlRRzhtRE13?oc=5,eluniversal.com.mx
2025-12-29 18:16:21,"Tribunal da luz verde para extradición a EU de ""La Gallina"", lugarteniente de ""El Chapo""",https://news.google.com/rss/articles/CBMi8wFBVV95cUxQU0N1ZXlXck1hc0xxdlFoZHBkdjJPUDRyNXZYOC05SUpRMFJKelJBMURlcUdsSHNwUWxDdE9RNXl2YVVCRHpsWjZ4QzdWMHZVZm9PTXEwWTVYTFI5M1dHQVFPRXJlZVdvbTZwSE93RHFmcHVrYmw1dTdfQ1ZpLXZxR1hDWkM0cVNHUVA4eFkxTlBRZU9uVThSN3BvNDE5c05zUFpnTXpSczdYQTNMNHU1cTRiV1lPV3JVYWxlZDlFZXBOV1RRWVJiYzQ1VHYtcl9WZXpQN1pacDhIS3BJN0hKZXRZTkg0c3RFVFNFTm9iY0ZoMknSAYcCQVVfeXFMTzN0TjN2ckRZOXhnWEltWnI5Wk1LM2h1MS1UZnAwQVVxdjJXRGE4T1d2WGRGQWFuOWFPa0RKbmlHS0lhbDl4YTNvYklrYlFQOXpsQWZtMTNfVUFHbFZRMEc2MVdRT0pLZUJ4N3RwTjFnM1g3SVBQMTV5RXlHa3p1VnY4Q1R0NFZ4SUowQzdwRUphZ2JqeGZLZ18tUTd3eUJROFJVdUJDUjBieUdhTnFwLWgyTlI0RjZxY0FmZl9RRXh2aUZ5eno5aTFSbmtWUmxSandtV0hjTXJXX1ZuOURCSDltVVJXc1lhU2Vtdmw0MjF0Ui1iX1hGUllWbDZPMlVPN2dWNEstZjA?oc=5,eluniversal.com.mx
2025-12-29 21:00:46,"Navidad en el Oxxo: familia acompaña a trabajador durante su turno festivo, video se viraliza",https://news.google.com/rss/articles/CBMizwFBVV95cUxNVjA1TkwyOFVRazNvdm5hdjdTS3pXOTJKQW1VRVpYNkh1SXc4LTJ1OGoyZ2xrTnZlMTBSLXBuU0ItMDFoTWFCeFhTNmFoaFplWjJXMEJoMlRxODgyVE1ILXppdEdPY0lHUWhySjJwSG44czVqVnlZTEJwc3BueExKcmJ3VnpETGV3T1R5UTdwTFNRS1gtcFRGT2dHUi1sdV85T2RDNl9ZaTRjT1JRQzNwYlNXdVZuTW12cjZFVnRSckNDalVjb01yR1R6LTVIMk0?oc=5,eluniversal.com.mx
2025-12-27 19:54:04,Reportan nuevo incendio en basurero clandestino de Culiacán; surge a solo 4 días haber sofocado otro en el mismo sitio,https://news.google.com/rss/articles/CBMi7gFBVV95cUxQelU2XzJQZ3JZc1dNajh4aW1LaE84Wmd6Y0hOYlh2SFNnaHFxUkJNeW9LcGQyc3hMM3hnOV9vOGFGTTl3Smk3Z29KTXotcnY5U0ZWUmw5NVZRbGRQdE11dWh1Z1puVE1UMEZzenI1V3dkV3EzdlpFa0RIWG4xWU4xdVE3a0JXMjZXTzgxRWxqY2RPSmgxSTA4Z3ozaU9xZllIc1k5WW5BZ09mMTdRdkNsZkZtS1ZIWmpnUVZfdEgyS202T1ItVE5xRHB1aFlYUDExV3pNQUM1bjZ5X19KQXRjWm9YUDQ0dG11WHRMZ1V30gGCAkFVX3lxTE9WbVpIN0xiV19pcHNGd3hxUXUyUzBHQklMakpDU3VnVVQ5V2FhclJqNjF1VGRCVWkzbDRwUXRmanVmbjBRYUpUN2ItdFVnTVFfMmMtUnN0LVZCVmhpTTU2Tk92SGUtaDc3NkdrWUVtSzVySVZuQWFXRjhKOXVzckhNWmtZSHF3OFhfSXZJZHJLU2IyU0RzRGNud2Z6U2hqbVkycHQ4Vm5zcDhJLUdmNmsxS2pSeDhTZi1ldWhBMTIyMlFlc0IxeVdWZm1sNk5QMTdPMi0yc1EyM1VJZEtjOVl0bm95VVdnV0JtbXlzOTN2WFNLUW5CV0FqWDRXRVJUcHlzdw?oc=5,eluniversal.com.mx
2025-12-25 23:10:28,"Piden ayuda para localizar a Adolfo Axel Ayala, fan de Junior H; fue visto por última vez antes de ir a su concierto",https://news.google.com/rss/articles/CBMi7AFBVV95cUxNdHZqYmhLX1h3cDhPVVVUbnNOVmFyemVwTWJocGl4VWJMdXBPQkZ0a0FrN25wMDlyV1FWV18wMXROTWpQdmdfM2dLTXUwM1F6bkhQdnBTODhXZHFxY2Z2VDU5VW8tdE9ONkQ1aUNJTEg1eWVRcEtMTlZnSzZIX1hUT0lmWjJNU2IwTm04Z20xeHB2OUZQekMtMnlXOXRZdVBoVUl0bGYzS3ZxSjUxNHJ6N0EyY2pRM3pxZzhXTmJKb3FrNUp0OUZNY1lZa2tmZFYzdnItanlyVlV2T3VlVWhUZ0pya3E0Skw3MEJXeNIBgAJBVV95cUxNR1JTUUZBQmN1LXRMVFNQdXIzZzZ4bXd0aGI2N1RNQWFjRllyV3lBa2I3QkxQVHFGS3B4T29ua2dQNEJXVDB4MEVQQU0zQ2RCN3RDaWdCbWppNDM5QldodlJtWlRBRTVNUEUzLWs0cWpCOUNLNk5iOTFMZzRHd2F6blZZQmgxTFA0S0NTYnQwQmt4dlhTdWhjQ1RzLVc1SFNlUWtnazBrYUtIamFfYUl3d25fbng4aFlVbEMzcXpXTzVUc2VHOWQ0NzB3SnFYV2FFblVmSXMxUlg2a3pOemRvUndJNEpKalYySXdvYUdKbExzZzZzaXhwT2pDSVlxdUEy?oc=5,eluniversal.com.mx
2025-12-28 18:30:00,¡Inocente palomita! Los memes más divertidos del Día de los Inocentes,https://news.google.com/rss/articles/CBMirwFBVV95cUxNa2xlNE9fQ3ZheG9Gbm1xLWh2U3lZanRWVzBwaXdXNnRJeDJ2cWZFUjZHMnJFdG4xaFBKY3RoSFpCdzBhaTEwUjAzeFNicWNPWWpjVkNKSnBtVmRJMnc4cjlaM0szZTA2eU5QcXlXeUp5VFJvSk9XM0VDR1hEekp3VDFNaExaNnp3UnJlV0FsZWdCOWktMDZFazdvWkp5U3RsNWc4dHVVMDdNQzZwZUJr?oc=5,eluniversal.com.mx
2025-12-26 19:30:00,Hijo del actor René Strickler se convertirá en papá por segunda vez junto a su esposo,https://news.google.com/rss/articles/CBMiygFBVV95cUxONTJOdHhkZkwtdXFqcHE5bTRKcjUwVGpLNHp4dkd1N19uZUFSbzhfSzI0amg1alRGSmZJSUE1MG5OVnRfbmlMVmJadFpicWd6aDV5Zkd4dmFEeUpqSk9PODNiejJwd3BxTEl6bTdPQ3U2LTFWR1VLZ0kxTW9ES0pSYm0wZmZXTlVEYzE4eWh2TDRVTjVNNko3OWJkQmU0TjhEeGFmQUNyTDh3R1BHTThvY2R0OUpocVlBQXZTYTF2a094SnN0RFMySU9B?oc=5,eluniversal.com.mx
2025-12-26 18:02:00,"Mercedes Roa revela rotura de menisco tras ataque en Marsella: ""me quitó mucho este chico""",https://news.google.com/rss/articles/CBMiygFBVV95cUxOeVNVSzZoYXZEWm4xYlFzWXVDWklBWjJIaDc4UVJBMTFKcXUzSXo4T1BDRk9WYkRmNWd5YV94UDdBNDIwVmk1Tk1IUkpiWnNhQ1VmbVBfeUJ3VHZFS2FPUjFxTUp5M1BQV0poc09XSnBtaGkzRFFxeXB3ZzdwVDloc2RpcHJmcjdyU181eWxWeUxvX2JtWGRmcnNoSkR3UUtCV1dEbWQzNHhXb3lrSTBFYWJGWW5SX3RUX3ZCMUtFS2NzbG15NWtYOEFB?oc=5,eluniversal.com.mx
2025-12-24 20:20:00,Operativos de migración en Navidad; continúan pese a pedido de la Iglesia para una tregua en las redadas en EU,https://news.google.com/rss/articles/CBMi4AFBVV95cUxPb3MwbTJfLXk4SVNkNHc2NlNwSEM2dlNKbmEzMndpS2EtN01MZWcyblhZOVBFY1NmRmdYUGV5NWdIUjVHZjNKZTFRQzhzdTRWMEc4bzhxcElQaGpnQVlDckkwUWN4ZlRocXhmUDRISDJxQ28yQlBxRlNsbENLb2ZyS2oxY3BYanNCY0htUGExNTVyTFVlcVNBSy1qemFwWDBlSDBtLWhlLWZhUnJHV3c3aS0tallSMFFhcG9Pel95OExUWm1VWENjaDZaVGdKb2dEUk1SOEIwTjJ1ejNxdk9uc9IB9AFBVV95cUxPNlVaa2F0MU1VOXlwLXNMMzBocTJydjhISTVuNFRpaUZtOENGaFF3cDlYRElPMVVfWnk4c0JRRUI1d19CbXZPQXg2Vk9BeHlYLTFSQWEyaVl3Rk1NZlZ3cGV2MkVXUHhGekJDclhIY3F4Z2N2MXR5TDNJVzk3TkxNQ0tVTlluQ1ZZQ3JDNGNsaWVwZlAzYXhadTZ6MVZ0Z21WMms3a3Z0dmxPWC1RUFJrUXJ6ejRVbEphb1p6Z3ZXSnBxOXFTdnlwcGJuM2w1YUZ5TldjWmJHcXpIRjZhZ25vRGtpaHZyTVVaazlmTHU5WEkza2N4?oc=5,eluniversal.com.mx
2019-07-07 05:07:53,Legado visual de Yucatán,https://news.google.com/rss/articles/CBMic0FVX3lxTE5UNUxkRkNGMFBLNE9NNDd2WTdKbl9nTTlEODIzQ1RWX0ZBZmVwRndtbW1XZno1ek9TVVlXZFhGVlR2WHFIMl9JVm42OGN6Rm1YQzhoWFBYajZfWEZDSzg4QlVucTBhUFhrRUg4YUtGczdldkk?oc=5,eluniversal.com.mx
2019-06-29 14:31:59,"Yucatán, territorio de cuerpos prodigiosos para la danza",https://news.google.com/rss/articles/CBMiZEFVX3lxTE1QZVVhLXlxS2hkR2dSQmpOTFFCbzdCbEFnTzBwcVJFbExmTHZmdS0tS0I4VDZfbnlHQWFVMEctT3k5WDBxVkpNd1NhMlhUdE9iUU1HdTBtWThqT0RoWkpVZkdMdUI?oc=5,eluniversal.com.mx
2019-07-06 07:00:00,Maestros artesanos exhiben bordados mazahuas en Yucatán,https://news.google.com/rss/articles/CBMimwFBVV95cUxPLXdLSDl4MlBTazJlM1VURm9PNDR6MkJLcWZGcUFpdDF5RzBuckltNXdpajFMTEp6TmtUa2hmeDhfMU83Um00emJEZVR2NGV4TUJpblJtTlRJZUMwWWdDZDhHcU5mMEE0djdwc1ZScGhSMTV6X1hqdm9GT2Zzclhpc1dYWkI4SUhpT1FTa3RDb0JYYWNqUEI3WUg3SdIBrwFBVV95cUxPZVM4dEpTUGpjU0FNR29VYWoyUUlCUktoNlpqQXREajFuMXBKdjZwcFZwVGZ1RTg2Zm1OZlBkamUwanpoYXBYSU15V2E5UUtScWdSRThsZWZ1TXFpcnFVTWo1TnMxVE5ORDZLMFhoNzhVSzlqbll3MEN6MDk4RHJtX0RpWlpOMFFFNnJYY25qa0Y2WGd1TTlfLXJQdFpUR1UwaHFvZWpxZkFrTHJOY29z?oc=5,eluniversal.com.mx
2024-02-17 08:00:00,¡Hokol Vuh regresa a Yucatán!,https://news.google.com/rss/articles/CBMickFVX3lxTFBZYzVDSUsxNktKYnBGTmNCd25hSGpKOG9Vcnpfa09qTkV6MUpSNVpjOG1aZ2pYNHFNVEtaYngya1FFcWVfX19Wb2M2MWFBYnUzcVdJX2oxdDRBaGpCOXVPQlVZNDZOWWRCQURMR2Y1b3J6QdIBhgFBVV95cUxNLV9Kb180eEdVM0VPcG1YVjVnWXZxOUhlV2dtSVcxbFlFYXVkOVF6cFJxaU5DOHhoaVdzcm85d1JYRnNobTVmTVBoRVdEdVpiWERMWFpQZnludGVObkRNOTlncGZmTTFUY0F6ek4teUVYY0FRc19OdFRGdlAzYWdOa180c2pFdw?oc=5,eluniversal.com.mx
2017-08-26 07:00:00,Piden declarar como patrimonio cultural las casas mayas tradicionales,https://news.google.com/rss/articles/CBMirgFBVV95cUxPcGZiMHJDQmhjNnBsRkRvNnpHa3JObk1lV1drWXVRR2NqWUpoRjZTVzlWTEpVVzVWTl9EWXpvNW9Hd1FXRXBMOGVyZ3hGM0sxTGxxX1V4M0dZZVZJSHVLd1ExZ1lTdmNhcXR1NGg2V0N1Ylluc0k0VkFZWWFseEp6TG1HcHAyUm9ZMDU3NC0teklsRVF4ZU9hWXlNY1RJeUdQOXJpanowRjZZS3pxbWfSAcIBQVVfeXFMTmpSc2EtU2w3bGthWDRmemNNVElBdkctSVVkRF91Z29TRXJUNU1YOVZpZ0R6WWtEYWVuTzBRa3BvMWpTNXRUUzVTZ3JyQ19jQXBkY0hDcXdKajVlZi1MWFZybDBJNnRmekpXNXNvVnUxbFE4WlI4cjFHY2Y5cFEwQktqeXZUNUpKUkdsUmhHWm1MT1ZwMXhxbHI3c2dLd0F3MklDYkdYaUZrRTNDUGJWMlVBQzJXUmRzcnNQd2J1OG9jeWc?oc=5,eluniversal.com.mx
2025-10-28 07:00:00,Día de Muertos en Yucatán: Gobernador inaugura la Gran Muestra Estatal de Altares,https://news.google.com/rss/articles/CBMivAFBVV95cUxNUlVEMU1ocVpfWnJwTmNSeVlKYlh6OFdNaEFFUWhvemw2YTRlZHc2dDNBTlFuMDF1WXRHVnFybTF0Z3VsdXZIeXV4VmUyMW91TTNzd2d3d2NvTGxRTTFRVG1PMDgwazNVenpMa3BRWmlwcVE2UXB5eTlENWVsMlJVRjJJXzFMSHloVUc0bDMxM2VUM2hFRU1DSG16LUszMXd4ZVB5Z0pwNjhJandPX0hQWGNvbXNMVjNDVUNHStIB0AFBVV95cUxNYVhaSmZhNkpKVkJXeTV2eGQwdElwZjJhNm51Ul9QY3V1YWNhUTkzWHhZdk1OSHFLMnNBY3I3UElSZFBGcW9yR29QNWc5VDQ1akZ6LXpWNEtTd1FVMWdDQkl6UFYzVlJ3OUxtazJlclgyMzREUDFmZWJKUFM4SmFLc3RJQlpQcnlUVUdBWGs0T3ZXQVJMT3M4S0ZySERjTFJlY2o2ektHdF9ZTk5LaDN5VDdNbm5ZOG1lellXX2MzdXEtUWJxdDJPaE1EbTNVVzM1?oc=5,eluniversal.com.mx
2017-11-09 08:00:00,En Yucatán rescatan tradición maya con trajes típicos,https://news.google.com/rss/articles/CBMimAFBVV95cUxOMWNhMENYTHcwQWdnelNPSzhOSEVNUTJQRF9yVzJqLXBic1J3cHluTlRSSS0zNFk1U3JfTHRnVG5MZ2djODMzcGRYaHhaV20temtSczNMbE9HUWJnNWtOOG1BWlRHc2l6ZElGQmVBczU5a05QanlWdkhkeUE0YVMxeERWQ1RybU80MjQ5TWhJMlRUblZwNXJZZNIBrAFBVV95cUxPQ095eHR3WVpITFloZkkyTlhzOElIR3FMejFqS0MwVlh1WFByWHVkeHpldmRiTzZjdF9hMEdGUmlKeWg2QnpqV3JCcE9qWEpaeVZKeHgwVXIwSW9LY3hQWFRPRVpfZXBRM2Z2ZGlFenoxMkxPeTJ3aFI3QTViTUNpWG81a1AzTHhaUVRxSjRzOFVlTWtfNUJiWDkzNVB4N2JGZnE4MkIxcXhPSmZl?oc=5,eluniversal.com.mx
2023-10-07 07:00:00,El yucateco universal,https://news.google.com/rss/articles/CBMib0FVX3lxTE9LazVwUWhwdTdjZmFFT2JYbE51TXZNdmhnZ2ZRaW9ZQm1FazlEWmFtZ1ZQOUoyVkVjaWVMRkRCQXdJcjhOelZhbUFqeXpSd3gzTVNPbUJ4S1dNWGlzNXo2TzBKRVZHR2trNFR1TlBjWQ?oc=5,eluniversal.com.mx
2024-07-30 07:00:00,"El Ateneo Peninsular de Mérida, en tercera etapa de intervención",https://news.google.com/rss/articles/CBMipgFBVV95cUxNX3JJWXhaaXhaRFd6bnI4ejI2Y3I1SGRRNDhrczZiM21GeC1FY2k4STB5NFVCamFkS2N0ZTFWTm1DSmtjaUJuU1Zkc3RmMkNoYVQ1dTJTSDRfWHZ1c3VWR0tpeGRaWUhJajNSMlR1UUV4dG5vakNEYktUUm5DZFlvM2RSTHdMVUpDWXZsalVyTXQyRkgtRWd4SDNJcDNqSjZTTmZ0b3VB0gG6AUFVX3lxTFBEalI2OFU0anVPb0xfVmdOelc1MDZCWU5iVkhKYnlnR1dfOU9SZlo4eUlYelZrWmI0TTZlOVpEd2wxc1lYVVNYUWpEUUd1R3F4OU51SVJyUnJBclBJVUtyVUFVcTdTU1JlVFpfYVF4Wnc5RzRuTlNkQkNNQjR1YkVYQ29OYThnZzlJQU8wU3RfeVNKRUZEUUtScHF5dTM1WHhiVlNrQUF3eDF6dEFvN0U4MkFjMVMzaVhuUQ?oc=5,eluniversal.com.mx
2025-09-20 07:00:00,"Yucatán impulsa el ""Renacimiento Maya"" con exposición en Complejo Cultural Los Pinos",https://news.google.com/rss/articles/CBMivwFBVV95cUxPYlVtaEI4dGZBVng1UFJPVEZsMnNUYndRTl9nZEs4TTZTR2x4aElwaDNneXQxY3pKVVp6WmNOclVrenhQSlByM0pOSXJiN0gtSmQtTkxoVUhVTGhycjZSLW1hRmNJcTNQUU5LUmtwTWI0Rk56aW05QlVPbUNLSGJuSDZfQkpRWEMyVkxIUS1SM3NlUUt4WWxyTzZZX3VOM091NjZ2UVM4X1J2cktuUHdpbzBPckU4T2Y5aHl0NUFMd9IB0wFBVV95cUxNZGduTzkxYjBSTXpYWmZXRGpCWUNWcG53cW5yTlJaQ3B4THBTYk9PdWRUc0VRR21abVA0ekR1V2FxbkZnVDZKNnk5RXhwN25iLVVGOXlPUEtTQmxzSUV1MXhLRnRzc05pYnVBQmstdVhDYWdvOGF1WEZkQWRJbDNrUHdudU1sa3I2N0pDdG4tSFI4NFdvd09VeDVtaC1teEFFM0JVazFxSFdmT2ZUTzgyQUNyTjc0TzNETWNQSmhYa281aUhINHcxdFdiQU9IZGFzbjRB?oc=5,eluniversal.com.mx
2025-09-04 07:00:00,Regresa la Semana de Yucatán en México a la CDMX; participarán 270 expositores,https://news.google.com/rss/articles/CBMiuAFBVV95cUxQb1ZsRmZTZml1R1BsSGprdWxuRm1HMzlzTzA2cERNZFJBTjBRV18weEttSlNEbFlpQTN2UEZNaktOcERURF9TU0I3Zko0T0lHZ3ZwTFdZMkYxaVEwT1hWUXNXejh3MGhlc0F0S3owOUlfY0lVTTQzempaaFc0MEVxR3RmNktGOWNzbVdtTUlEb3JydWpISlpPcDRHdU1XSEM0NGZFLUNDbHhTTWtMRVhiOUllSWR0ZTk10gHMAUFVX3lxTE5oRWdUbFpjN2VTeVBpQjVna0thRU10UnVhNXBBQjRjTURhYjg0SUZPejNuX3I3RE5ZbEYyMzF3SFdCNVhXYmpEQk5QNklIbWh2NnA0ZDBOT2g5Zk0xSDhSRnVqVFZMTk5MUHV0aEhCanlWaHRjRXRNS0Y2RmNiWG11NTNOU1M3X0R4Mkw0ZFI2N1N6OEtkbkNrWkRqUEJmRXVqQUZWNlJGUWJLWWplaVZyYUVTYkJ1eU1TNEx4cHVHNWtjZDRxa1c2bTF3aA?oc=5,eluniversal.com.mx
2025-10-23 07:00:00,"Fallece el artista Gabriel Ramírez, a los 87 años, en su natal Yucatán",https://news.google.com/rss/articles/CBMirAFBVV95cUxPU2JkZlJvYk1UNnBSUzNpamNBVWtjVXdRMlJDM1BwMlFFZzBXUnRvcG0zbnVVN0txTVk1cmN1RVNCMzdfUXlBVDVGZ3R1c2FvRC1sYmE5NWlvcTh5Zm1IOFFFRmstLURWWnpkTjlEUDNnQjlPeHVXUVZIRENCQjRlbnFOc3dSYjVKX1EzRUpMMTB1ODg3UG1sS2pqcEdjWURLNmRsRHVVeXBJck5p0gHAAUFVX3lxTFBCQ0piUGgtVlhpdmREZThBWndqT0FyY3RCdUJNSWVqVEpPbDhxdEtlNDM0YmtVVnVERllKM0hJZ1p2NDJrOHhCWnMxa3dmN3NnbWl3emdibE90TXFVQ0dBallnSVBZSWc5NndKY3ota2kxNjFTbnpQMDJwZjZuMXpLS0hMelRQaTExbGh2c1FwNUdwa1lXaVFIcWMzamJhZnJHR29DOGxrX3BQZmR5aWhyYXRwOUVCT3d0UjNsYnotTQ?oc=5,eluniversal.com.mx
2025-10-10 07:00:00,Anuncian edición de ”Original Yucatán”,https://news.google.com/rss/articles/CBMi7wFBVV95cUxQM0IzQW00NDFMMi10eGhzQXV6bV9adHdRZUZqRFdUX3Y0RTdkZFpuSnBKdnVmWVJXR1hKaXJadUdacWJydncwTTQxblliRTdNV2JRTzVvanY1UVpYMU53N0tRRFBYZmZfNXBfOHBGdTZQaGpDZVhWLXFsWUhndlJmT192QjN3WGdVdExac1RLWGtWVTRyV3dCWmNrd3oyRTRXaHFTeTV5ZUE1RlVydnBuVXg2MXBpbjFXUURsdElSdlRHWW94bzNXY2szZEhQSEd5ai0ycktMS1Q4YXhFQ2VWOXRQWEpBdmxidm8xczdVONIBgwJBVV95cUxQYV9kc21sX3kxc0RUdDJXZ3dxN0k5VlVDaWdsOWxsOWQ2b0tZVmx1a20zMGxNMGRZS2c1bUxQR3d6WnNaRXdwenB6UWRaNnl0cEt2al9kX3BJeklYZ0JfQ2xfUWZFQUdXcEdKb3VyQTRjRUZITHZBYjllWkZGem9DOXVCVG5ERmZ2VEdUUm5wR1Ewc0NraVBPUlY5TlZKQ3NKTVJsNXk2dE1EZzJvZ2w5cWFTS2VacHN2N0wwd1BMQUJrd3NKVmV3dEZOVnRMMGdxMlhHbDFTbHc4ZUFBY3JqUGo0dnR3cmZCVXVmb0RrZklBUHotdm0yS1VfMm5XYjZ1MDEw?oc=5,eluniversal.com.mx
2025-12-15 08:00:00,UNESCO reconoce al Instituto Municipal para el Fortalecimiento de la Cultura Maya en Yucatán,https://news.google.com/rss/articles/CBMiggJBVV95cUxNQzA3RVNYVkVXbDVWR20zTVFHOGNzWERzTjFKYl9BUVdUTUxHdUZsZU1VX1hLNGo4dXVTV2RoUkJUekdwcURiX0d5clBsRVlFOE8tZ0VBdFo3SzhxYlhncXY4bGp4SU1hMXE3OVFfbE1IaC1oOV9BYWlVcng0VFFLcjJKanRoUkxxOHMxS2I2V1pueVI5NFdPYWRlLUF1N2xzbEl5QU1QWXU0S2ZpcGlwalpVQTBCZ2Q0TnFmemY5c3R2UVBFWFdXN0ZtamdDand6QXFTVnVTRjVZbmpKUjlxSUY1bXpjSW5PMUpDLUY0VlUzTURDbWYtWWQ5eXF4bTk1Y3fSAZYCQVVfeXFMTl9NSHU4TkNQRWhEcFB0Rm44Nmpmd3FyWExiTklrQW9yQS1PUmtUbXFqUExYdW9sNXhjT1g5RkZhYTV1RXlZNlVXYWF0WlhMM2hsZkxxcjRINlV2SXc5SENQaXlMRnRxTktwdUVjcVdQZWZ2REh3SVhIYXk0ZkpDWERiSFZKREJKOTlkbFhVNzYtMmpGbk1XbllxM0JnR0VKQUIzN0otTlZxMVdzM1dxQW9lbUxzdEdDWm5XMDdjUUk1TWNYZHI2ZEs1Qk1MT1M5V3pTQjRiaVRaaWR6TVF2UE5lYmI1akh3R0VhcUFvckt0TERQM2ZFWTdjRzJpeUo0a002d19weF94WUtEbEdocnZ1Y19ySmc?oc=5,eluniversal.com.mx
2025-10-03 07:00:00,"Gobernador Joaquín Díaz Mena inaugura en CDMX la Semana de Yucatán; reunirá lo mejor de la cultura, gastronomía y tradición",https://news.google.com/rss/articles/CBMi8wFBVV95cUxPQi1RTVJ2b1Z1dDVZSWM5MWhZaDdZVjRfTkRxWkhxUGcwZWJULVQ5cE5WRkdFTGxTOVBiZjJQQ2phVGlwR3JIdEtXWno5QloxNUVubGRiYlQzRUdxNXJubDA4cXV6NlZkdHpzRmdWQkNnWmFIbm4tTHNGRXlXYmFlRTBMckZRYVlBX1pBd3JMVkwxaW1EWXdqM2F5V3VPSXc0ejVWUU9vZFcwbVRGVnpMOEZZNGRDRkpvNWxRazJCdFRicnF3eXBDcTQ1M3hWcm1tbWNFVDZobUFBaHFkLWI5M3N4QVRvU2dpME9RaFhaNjNhT1HSAYcCQVVfeXFMUGRkNGlfemNJUlBNbTdyRnRoZEVWeW1ZblRucUdjWkg2cllTdGlsUXZmWkR5cVNFb3VEeHhDREJYc1RCNktCcU5fT3VZbnlkLUlheEM1c1NzYVAzcVBlVUI4bmFhV2dFRS1nRXhrTXN2WlVHZC1LNDdZODBmM2VhTmdrdkRNQ2taNEpHTjl5OUpodHVPeldkSlNwMUpFaDZFUlB2eGt1NDlOQ0ttbXlHQ2RORTBBU1ZmOGxXNTloZUpzOU9naEpxUEFJeU9DUzJ2dXRqV3dlbzF6TmdGQ3RwUjZkeEJwd3BTdEhfd1l5WmFMbVJIOGZRM25NWUxoNjY2cXBOYVNncFU?oc=5,eluniversal.com.mx
2025-09-11 07:00:00,"Anuncian ""Semana Yucatán en México""; evento compartirá la riqueza cultural de la entidad",https://news.google.com/rss/articles/CBMiwgFBVV95cUxNcUZubHRpSGhpZkJPQ0I2alZQZzk3LUFjTENnWTRHQXYxbmRZYi15S1VJSHMzdHptellPRXVBMFJqLVN3RXNEaE1vQVJxaTZkYnJKQlJDaF9FOEliMkE0RFUtdVlkOFBZWFVOb3ZZazdpZFR6MWZ0OXNVdmM4Tzl4eUgwVkdLcUkwYmtKaHlndEFqVnFKRmZvenlWaklKb3ktRy1CRTJ3dFBnQzBWU0FhMTM1XzJoZkV6bDF6cmJPdzRiZ9IB1gFBVV95cUxOUTZyYzZXUGRQX1lIMGhkckJwTnpfellrcS1POExfZmJKaE9hb0gtUlE4aHZhbmRURE0xV0Q2RXhwWmstUXFZS0ZvdTNqY3E1QW8tajBIcWFTTjdfOG96UDJfeVQ4ZVRrY0tfOFZ0MlRXdXR0Xzkxb2RDN0NoNXFGa2VMZjlXWkdIQ2cxTlR0UGdZdXBLRnd1LXFXUWNnVjNyd0FLNVRaWU9UM0VrbERSWGdxT2NiMS1VY29mM2xXSVNpZXN4ODVkOW9WOTREejFCaEZ0YkZB?oc=5,eluniversal.com.mx
2019-07-04 11:38:18,Avant-Garde: danza multicultural,https://news.google.com/rss/articles/CBMifEFVX3lxTE5TRFhnem5DSEJGaURLa3dScGRWUmQ1M0tvOWE3ZGRhYlRWVkRkX0JIaXZ5MHdub3JBNnRNTGRUSHNiSWpSdGtIdXpKTy1EN0pPeGJJaXItdkd2NjNhQ180RjF0NklCdU9XT0JWMFE4R2l1OEN0bTk2a3BzZUI?oc=5,eluniversal.com.mx
2024-04-26 07:00:00,"Artistas denuncian ""golpe brutal"" de la dirección del INAH en el MACAY contra la cultura yucateca",https://news.google.com/rss/articles/CBMi0AFBVV95cUxPaDRLNm1vcHV4Q0IzdDYyMS1HLWZVeWdVdWgzSzNUYWp5RjhqQ0MtVGZseHN4dHRJbXdnZTE4X1NhTlBMU25Oa3Y3Y01sNm1VaW1yemtmR094M3Nsb3V4c3FPb0Q2MkFjbWxSTURrV1RJbHlHTG94LVliMmNhX3puc2wwTEVBYlJSR2d6NGtCdHN3SmJlRDltV2U1MkNkRnVLQ0o4TTFIRGJBSEhFS2FuNTl6dFF6QmlkNGhJQmtUY3hpU0hDX09aYTg2cFZSNjE2?oc=5,eluniversal.com.mx
2019-06-28 05:06:30,Cochinita dream: los mayas toman San Francisco,https://news.google.com/rss/articles/CBMickFVX3lxTE00bGd4WTRFdHZXSE1nM1ZBZFJkZTRSTjY3WFZSQlJBdEVaRXhULWtaY0FwcE1BYlJOZ0VOOERVSm03TmNqRVp1YUJQSE5CaFFmSnRmczhLaW5fZ20xMmNYNUZXQ05RNEh0U012MU1vaWQ3QQ?oc=5,eluniversal.com.mx
2018-11-24 19:14:01,Menú,https://news.google.com/rss/articles/CBMiTEFVX3lxTE9oTk1uTWR1MW1kZl9pdjBEWlhGZC1DOHhxY1R2RFJzRzl0bFc1czlGLW85ZTl4N3Biak1pN1dGSExGM3hnWGJOdnI3OUY?oc=5,eluniversal.com.mx
2025-01-07 08:00:00,"Desmantelan Museo de Arte de Yucatán, denuncian artistas",https://news.google.com/rss/articles/CBMimwFBVV95cUxNQ1BDcGxEd0VubVN4Nmd5T2V2a1AyN2dRWGhRMFIyWm1nRkF4QzBVbnpmVDNSMi01VHp5QmE1ZWE2Q1d0dGdqZ29GTHl1RzZWWk4yS1huUkRwNk5PN1Jsd0dGczk5N2xQOEJYSzhjTEVOY3NZSzdveVFvbTZ6bW5ack1DR2plZzJRcU0zQVQ0V2FkM3dGSTlYXzI0TQ?oc=5,eluniversal.com.mx
2025-06-13 07:00:00,"Alistan todo para la primera ""Noche Blanca"" en Mérida, Yucatán; habrá actividades artísticas y culturales",https://news.google.com/rss/articles/CBMi2AFBVV95cUxPM1habTA0VzFnc00tX1RCM1dFcVN3VDhiamhLS3M4azR0dEFvRy1EcDNxNTVZQ3VoWXFjRWVVTzN3emh0NTRPTWYtcl9FbFJtWEpYVFM0OE9kYXY5VXl6b0sxZzBqVC1lX1BIN0VoQ1cwVERab2pQN3dWc3A2dUJfVFVvRVJmWGJ5TnVKaHhGaFg2Q0VDLVJWdWk4ZjNvQk0xSFltMjBqMGs4UE1NMFk1Y3l1RllTcGlvS1JDclV0cVRxRjFSazN4N2oxVGtaYmRPOVNOdDdOcG7SAewBQVVfeXFMT3g0V0pTWjB4V3lnNUNvblkxajRkcE10MmN1WlZ4Ulh0bUVDYm92ZFlQOXFXb0VxbkJCR2RHWHBZSXI1SEtfbHNnU0t0eWZnbkZ6a1hGWWFwTzBsUng3c3BuVkptdHN6ajl0cDRnYVFmME5oRjQzU3hWeTVWQ3J5WGdabmJEZ0o0aTcyWFlvWDZHVm90NWNvTUFna0NwTDR6SVcwcDhpWXpMYlQyVzF6bkFkMUY4YzhIbEFWRmRBRWE0V2haMUQxRmUwNmVibWhZYzdiME5CT1p0RXlYQ3JlWkxmY2lJdVJCeHZGUmY?oc=5,eluniversal.com.mx
2022-11-30 08:00:00,La herencia libanesa en los sabores de la Península de Yucatán,https://news.google.com/rss/articles/CBMioAFBVV95cUxPczZsVVF5WWxERjVjYzdTcEc4NVdJalkxMDRNelFDY09VNU8xQ1RzdUNIYmJRd2JsTENjWjNpclRJUHhQUlVPQTJDNnBKcUc3Y3c1TFNfbWR0ZlZ1Z1FlVmtjRFYwbm9YQ2VKV2RKYl9Gd3hRV01JMmgyeDJmNHZxRGVxSXhpeGF5ZmlVX0ZUbmZDMXhtZWlqNmVoTWsxUDZF0gG0AUFVX3lxTE4zY0MxblJUczJwRjJGS1F0SlliN2F4aExvTlc1T3FvTThmVGhmTnZKNFp3N3pKZEMzejdxeXRoRXJwSENUN2NUVWpjb21Yc1N2My1tVk1UZzhJcTFzT2swQWd3T1FFU21TcUU3QkpRcS10b3pVa3A4aHJJTlIyOGdHLUtDdldsTHNUSzRKSHA1dHcyM29YRHh5OTFzSEhJVjZQVndoc1pIX1FfUHkzVG9NTjBnbw?oc=5,eluniversal.com.mx
2023-03-21 21:33:33,mayas,https://news.google.com/rss/articles/CBMiU0FVX3lxTE9lM3EtRjJzMHp1djNUcGctQjJ2Y1p2SkU0M1Z2c0xZZTN0OVZLd3VPY1FsZF8tWHcyYlhESDJpUHhzVkRNZ18wclROUTM1dFhvOXVv?oc=5,eluniversal.com.mx
2021-08-01 05:08:01,Los mayas: una larga y sinuosa conquista,https://news.google.com/rss/articles/CBMihwFBVV95cUxQNUR6V1c3Zk1oakFqSU5UalhVSnFQaEViUzRnNzd4N0lMY2JKZk5SR0t0a3RlTkpQcjBUNU15bkptMHJmVDI0aGFMenpuOHNEWG0zV2dpYnRiZXVGbWx0NVI3eVNfaGM2VXlyV0pkX19QUzZsSlRZcm9reU9GdjM4aGo4RzVBNHM?oc=5,eluniversal.com.mx
2021-08-01 05:07:03,Descubrimiento y conquista de Yucatán,https://news.google.com/rss/articles/CBMihAFBVV95cUxOTHpDNVlGSldKazlvQ3VsUTdscE1La1ByanRmTncxRWJfdDB4LVZYZF9PLTVfUXIwdXR6N2o0RjlWS2k3aF8yX19sbEp0cGM0Z3QyVFFZOTNMZEFPVmZYUERMS2FyMDZkcmU3dkRFcnA5b08zVDlmSXByYW42NUxqcFhfMVQ?oc=5,eluniversal.com.mx
2022-05-19 07:00:00,¿Por qué la abeja melipona es tan importante para la cultura maya?,https://news.google.com/rss/articles/CBMiowFBVV95cUxONU9UYVJmaE5SdEFRdEE4TVhkSDRBYTA2U0lDRWlFejdKR29DMHJQcEJSbFhrbUYzQkpiZ1YtRjM4YnlISHpsWTc3YzdTczg0bERndEdpUWJGT2R2RlhOUVVZamJRM3FneGFKdVZCQmNMTWxGR1NGR25jQlIwZE10R09sT3JkMFJhUEFra1hpTVJLTXU4TFlMejdXVXRNZXV5QVZJ0gG3AUFVX3lxTFB0amtiWlU4S0Z3N3RRYVJkSVIyX2N1ZTBZbUowRXN4QTlrYlJ4WWVZLUREVUwxNjZ3eGJRb0lLWEZBYUsyUjJFOXdPSHZTNVBvSXQzQUlhS0o5THpyMGUtWUFEbHhYX1VwM1ZpYVd4b2hHMmtfUEQ3R2NHS2JFLTRJank2eTVGVWRoTkZkdVhQTjRqVGF6NXR6NFQ5TUdHYW5uamdIY3RDMmZ3dXVwQm1sMVJRbXJOOA?oc=5,eluniversal.com.mx
2024-11-07 08:00:00,"Yucatán celebra 50 años de la Feria Internacional de Xmatkuil; impulsando el ""Renacimiento Maya""",https://news.google.com/rss/articles/CBMizgFBVV95cUxOOEdERlN1UUpQbUNodjhFYW8tMmlYSlNzal9DZkJBOW1zcDJzVVNYd1EwdWlXRk9WaC1oeDRhTDV6UUlzbk15SWVjdmc0b09xckpocjBUTW9iRkhsUi1zVnlFX3NERTc1bHVxbS1QNHVmSEk2emtNQnVaOHpFUlg3SWlzVzdyNEI1RWx3SGVNc0Ffd3dCNU5rNVZ2NkhmYTRES3Y1NDI1cmNodEhmR3RHazFoWEV3ektxc0RyMElZdXluazBpM2poT1BQaE9SZ9IB4gFBVV95cUxPU3lxclNJWnQwY0c4Y0NHbTItRTZ4dXltaVVDUUVUYXBYcnFuOHd2eUZ6cU5iaUgyb1hYNVoweHJjTm5YODNXekF3WkdEdDl2MEgwQzV2LW5zZnZtTENLdkZkZXhsUWtqRUl2V3ZZaGg3U1RtbUVoemFCTUdLVVFsVGFBRC03UEpuazdOLVIwRG53ODR5ZFQ1V3BPNFZvaUU1YmRkSHBrWGtjYTV0S21zcFpyc1ZHWVhhUVQ4OW5ISlFrUmlTU190WnQ2b3MxWlp0QTNOVTFqRGY4Wl95NksyaUZn?oc=5,eluniversal.com.mx
2024-11-12 08:00:00,Universitarios yucatecos desarrollan videojuego que enaltece la cultura maya; buscan que jóvenes conozcan costumbres locales,https://news.google.com/rss/articles/CBMi9gFBVV95cUxQWGJhX1k4dzR6SHh2SFplWXMyX0l1OThZaVo4NmQwck91dC1xdnJaSjFwZWVQRXBLTzl3N2ZJT24wYmZFcUkxVzgyTzU2SnB4LXJrbmlsMGpQX20yMHBfc0wtekpFM3B1RDdDblN1dU8taDBTWmMwQlU3Y2xiUHpTLURUN2VaY3VWZzBaQkdza1hTQlItZXQ1Q0Q1SFNBQmtJZmRsaHQyOEJjNUxWQnFLVHpkU1ZIdmZ0cmNCOGI4bTRRV1FVeHdLbWVxTGZLU09WU0dST3pLWENocHpZYzJoUTU2SV9DUk9MNHNyQmc3T1pQVWRjWWfSAYoCQVVfeXFMTU9XZk0xVzl0RHlIbW1yZnVFVGN1RFVPOEJjcmh0WWZsTHc0eHFnYnRDd2V6dEFrQV90bXZsQ0JXTmZNdF9uVnIycWdVMzYyYzQ2RmxDUjBTMFNBNzRLY214S24wTG9KdUc2M2xMY3J6YWc0U0R4SWVta1NJYVdlaGpWMmpoWG42dEUteVFzWFItTTR2SHF0LTlQU2FwMm95MkI2Ylg1czVXbzFXM3Z4SDljY3g3RjFYbWE0RHFsWG1pRWpiQXJkaG1hTnZPUUpiMjlJXy1OUEdZdXhIMmtmM3hzNnQtd3JQNHhaYjhZRUVLZldqNmV5ZEFYVjlrSGRBYkdHcEpybjg5aUE?oc=5,eluniversal.com.mx
2024-11-10 08:00:00,Este safari te lleva a conocer la selva y la fauna de Yucatán,https://news.google.com/rss/articles/CBMipAFBVV95cUxNZFRRbnJkSVJ6ODdSeGJUTFlFbDhTLWRpS0JnVFE4dVFDX1l4SDJzdUNBUWROUkVEU1NqN1c5amxyQmZIN1k2OU9tLVRFTFZEQVR6aHdWRmdPQ0tlRVpOVy1zYzV1dTZIYllnM19SZ1BDRzZKQjJoX0VZcEVzMk1qa2JxV1BFZU1yZS15YWNtdE9sN0lJcGEwQ2hBUnBNWnpzUUtUedIBuAFBVV95cUxPWnBEQW9KemJUOXpJUUhOSGVQS3BHMVJXTmcyalp1RWY5dm45cFRYNmhZX2VYX2VXSnVhajVpWktVOWdldUl1a0NmVEVhdVY4bTUtVkIwdnIzaWRieWhZSllIQkRlMU5nYUo0VVMyMTJZVWJFVW1fV1NmTEE4aE11dnFUcmRZYXE2MXNpOEotVWVhRXVQZDV3UnI4cF9ILWZJcFZCZnlKX1d2OHhuSU95Q3hRdE1mRENn?oc=5,eluniversal.com.mx
2025-10-21 07:00:00,"La música de los jóvenes, desde Tijuana a Yucatán",https://news.google.com/rss/articles/CBMikgFBVV95cUxNb2phN0dfYW82dG9ibzBqQmZrSkd5TzM1X3RrLTM0UGtuc0x3MTNmQmdfNEpGWHNzY1JuOVZWMWl5cUt4M2ZjSGZZQ1RhMVphTW5rR2M1MXJwVzhwb1UtU3FOdlk2WWdEVUdhVUl2al9tdE9WUlZJUGpPUVlRMWpzU203dV91TXZQdWRsRTNmYmdfQdIBpgFBVV95cUxNNVo1UHZVQURxb0FhZDF6WGJRTXh5Q24xZlgtYXZRb01CLUpNcDhTaENaLWhqNzJwQTVzQjlLcVJObW5ISlNLQ3d6eW1CNGRnOHRWRXd2b0Jlcm1Za1dGdi04ekdia21UZkxvMU1MZE1SRjVEcmY1Y3E0QlN1SW9XVWs3bGtITFU5S1NTS0EzV2dvcEJNYUx5YUxpQ3RzMURFYm82dUVn?oc=5,eluniversal.com.mx
2021-06-01 07:00:00,México denuncia a Zara y a otras marcas de ropa por apropiación cultural,https://news.google.com/rss/articles/CBMirwFBVV95cUxOSVJ2N1F1OHVDV1JtZjhWVWlhaVlwVUMycDBhTWtyS2ZYT0xHcTNzTS1RUDAyN1VleGZDd013YWFLR0lzV3BBTzdBNTJ1eF9ScWU0V0dFMFl0XzlYVlBzRWZReFBoQkJUVkJYWHJSTWxnXzlZTDR2R254S2lqY0g3dGdQYjJQWlhQNkFWR3ZQNkFLXzd4MVM0VURmM1ZyczlQaWtEVk45NnFoNGMyRlZj0gHDAUFVX3lxTE5XbHVnOTM4b2kzM3JyUXdjZy1uaDJzVnJ2M2hEMkpNc2x3VHU2SnFZVlBxWjI4Y2t6RWFzd2lkOGhyZmhYRXh3bWhldGxuMUtWY3JyenI1SDZZWGJfMlBzdHBiLXV1WDBYcGZjOS1na2lPMTZDb0RVYVFhbWtnaS1CLVJQdjFGU1pORUc1aWp6U1U2TnJqVV8wSTdYTlNMSHV1bE8xZjNQZHlCdzVqR0Q5UEhyb0RnZGJHdVY4S3JGeXd3WQ?oc=5,eluniversal.com.mx
2020-09-17 07:00:00,Confirman que barco de vapor encontrado en Yucatán transportaba esclavos mayas,https://news.google.com/rss/articles/CBMiugFBVV95cUxNa1dWRE9Ra0VQY3oteVFxSDVCMG90aVBnWnRNbGtXVjg0ZU9LdER5Q2UxRkUwREdQWjZMcF80Y24zWkVnOXpqTG9tMlMydkV3SjZyNVIzQWhWd1YyNFVsTy00bkhQRHhUeTNKdVV4ZlFNTE9WNFVQYTV2RGlMLVdrSUE5dTJ1WFYwNFJKaFFuX3lUcnBtRFRGQ3VUZFpMMGgwMzAwMTVWY1ZTMWtMdXYxLUNrN3NlZUFFdVHSAc4BQVVfeXFMTzNOQzBKc2Z3QmZ1VTV5a3U0Tko4NUltd1R6WTVRN1h6SU9MdjRNbkZqVlNXSjlVNktYeWx4RkJtdXZreEk4MkxIVmtkSVB6TzF2QkFkdlZ1M3QzbE1PMXBQSk5ERWxkclpLYndsTS1BRFVxazlCTUgyT1lCRmRqR0NoSDZCdFdQXzFKM0hrNkhMSXZ0dVNKMXVOMlRIR1dmZDFpOGpqN00yanZTV1NqNlg4SkNBT3laRkw0UW1BVWMtZ0t6RVJjZWw1M0lxd3c?oc=5,eluniversal.com.mx
2017-02-21 08:00:00,Sin sanciones por campaña en Feria del Libro de Yucatán,https://news.google.com/rss/articles/CBMivwFBVV95cUxONVRLbTh6eW1zVmMwNWxEWDVhaTVoa0otSEZUeWdpcnluR2VZNGkwM3dFSFZxZjctaXJlRzUwUWhwTXAzVUtWQ04zOHhfZ0k5d2FKZlJxeE5Xb2VEbU9QRXl3TkJOOXFpUU9ldURkeEFtYTVEcHBPUTZZbDF0bmg4QXdBbUZPY3RtZnlLMFpCaE93QXZvVHd5N2VWOVY3dHVCRS1lM0p1YVhzMzhvWDBNNlJlM2FOM25RUWNQWFBHZ9IB0wFBVV95cUxPSkVSNVZ2aWZWNG1tSlgwTnpRYnVqNlhWYzFtSERkUzdsVUIxVkFLeU5IbFV5dkoxaWtCMGJfLUR0R1d6TF9GanRJc3dGVEFINDVsN2VGZktfZXJ2YXZKalFyUkZnNGY3SUdEbDlaWjlSbTNaX0duQ1dWVWIySkNIYzY4WV8xQXV0cVFFbFhSc1o1aTg5clJfcjZzMTNTb2ZuN05SUFJCczdoLTlORDVteWVDUlI3NXlrOGRERFJ3S2VGcDZHcGRFRXV3MWpTSXZQeTRz?oc=5,eluniversal.com.mx
